{
  "Classes": [
    {
      "Name": "MambaHelper",
      "Description": "",
      "Pk": "",
      "Stereotype": 0,
      "ModelName": "MambaHeplper",
      "BaseClass": "",
      "TableName": "",
      "ConcurencyControl": false,
      "AutoAssignPrimaryKey": false,
      "IdGeneratorType": 0,
      "Attributes": [],
      "Operations": [
        {
          "Name": "GetTime",
          "Description": "",
          "Syntax": "",
          "Text": "static function long GetTime(){\r\n \t DateTime now = DateTime.Now();\r\n \t return now.ToUnixTime();\r\n }\r\n",
          "BaseInfo": "",
          "IsStatic": true,
          "IsInherited": false,
          "IsExternal": false,
          "ReturnDataType": null,
          "Parameters": [],
          "RuleType": 0,
          "EventName": "",
          "ApplyToAttribute": ""
        },
        {
          "Name": "DisplayString",
          "Description": "",
          "Syntax": "",
          "Text": "static function void DisplayString(String s){\r\n \t DebugLib.Logger.WriteInfoLine(s);\r\n }\r\n",
          "BaseInfo": "",
          "IsStatic": true,
          "IsInherited": false,
          "IsExternal": false,
          "ReturnDataType": null,
          "Parameters": [],
          "RuleType": 0,
          "EventName": "",
          "ApplyToAttribute": ""
        },
        {
          "Name": "Displayint",
          "Description": "",
          "Syntax": "",
          "Text": "static function void Displayint(int i) {\r\n \t DebugLib.Logger.WriteInfoLine(i);\r\n }\r\n",
          "BaseInfo": "",
          "IsStatic": true,
          "IsInherited": false,
          "IsExternal": false,
          "ReturnDataType": null,
          "Parameters": [],
          "RuleType": 0,
          "EventName": "",
          "ApplyToAttribute": ""
        },
        {
          "Name": "Displaylong",
          "Description": "",
          "Syntax": "",
          "Text": "static function void Displaylong(long i){\r\n \t DebugLib.Logger.WriteInfoLine(i);\r\n }\r\n",
          "BaseInfo": "",
          "IsStatic": true,
          "IsInherited": false,
          "IsExternal": false,
          "ReturnDataType": null,
          "Parameters": [],
          "RuleType": 0,
          "EventName": "",
          "ApplyToAttribute": ""
        },
        {
          "Name": "Displaybool",
          "Description": "",
          "Syntax": "",
          "Text": "static function void Displaybool(bool b){\r\n \t DebugLib.Logger.WriteInfoLine(b);\r\n }\r\n",
          "BaseInfo": "",
          "IsStatic": true,
          "IsInherited": false,
          "IsExternal": false,
          "ReturnDataType": null,
          "Parameters": [],
          "RuleType": 0,
          "EventName": "",
          "ApplyToAttribute": ""
        },
        {
          "Name": "Displaydouble",
          "Description": "",
          "Syntax": "",
          "Text": "static function void Displaydouble(double d){\r\n \t DebugLib.Logger.WriteInfoLine(d);\r\n }\r\n",
          "BaseInfo": "",
          "IsStatic": true,
          "IsInherited": false,
          "IsExternal": false,
          "ReturnDataType": null,
          "Parameters": [],
          "RuleType": 0,
          "EventName": "",
          "ApplyToAttribute": ""
        },
        {
          "Name": "SelectSet",
          "Description": "",
          "Syntax": "",
          "Text": "static function Collection[T] SelectSet(Collection[T] _s, Func _f){\r\n \t Collection[T] result;\r\n \t result = _s.Where(_f);\r\n \t return result;\r\n }\r\n",
          "BaseInfo": "",
          "IsStatic": true,
          "IsInherited": false,
          "IsExternal": false,
          "ReturnDataType": null,
          "Parameters": [],
          "RuleType": 0,
          "EventName": "",
          "ApplyToAttribute": ""
        },
        {
          "Name": "RejectSet",
          "Description": "",
          "Syntax": "",
          "Text": "static function Collection[T] RejectSet(Collection[T] _s, Func _f){\r\n \t Collection[T] result = _s;\r\n \t Collection[T] selected = _s.Where(_f);\r\n \t return result.Except(selected);\r\n }\r\n",
          "BaseInfo": "",
          "IsStatic": true,
          "IsInherited": false,
          "IsExternal": false,
          "ReturnDataType": null,
          "Parameters": [],
          "RuleType": 0,
          "EventName": "",
          "ApplyToAttribute": ""
        },
        {
          "Name": "CollectSet",
          "Description": "",
          "Syntax": "",
          "Text": "static function Collection[T] CollectSet(Collection[T] _s, Func _f) {\r\n \t Colleciton[T] result;\r\n \t result = _s.Select(_f);\r\n \t return result;\r\n }\r\n",
          "BaseInfo": "",
          "IsStatic": true,
          "IsInherited": false,
          "IsExternal": false,
          "ReturnDataType": null,
          "Parameters": [],
          "RuleType": 0,
          "EventName": "",
          "ApplyToAttribute": ""
        },
        {
          "Name": "SelectSequence",
          "Description": "",
          "Syntax": "",
          "Text": "static function Array[T] SelectSequence(Array[T] _s, Func _f){\r\n \t Collection[T] result = _s.ToCollection();\r\n \t result = _s.Where(_f);\r\n \t return result.ToArray();\r\n }\r\n",
          "BaseInfo": "",
          "IsStatic": true,
          "IsInherited": false,
          "IsExternal": false,
          "ReturnDataType": null,
          "Parameters": [],
          "RuleType": 0,
          "EventName": "",
          "ApplyToAttribute": ""
        },
        {
          "Name": "RejectSequence",
          "Description": "",
          "Syntax": "",
          "Text": "static function Array[T] RejectSequence(Array[T] _s, Func _f){\r\n \t Collection[T] result = _s.ToCollection();\r\n \t Collection[T] selected = _s.Where(_f);\r\n \t result = result.Except(selected);\r\n \t return result.ToArray();\r\n }\r\n",
          "BaseInfo": "",
          "IsStatic": true,
          "IsInherited": false,
          "IsExternal": false,
          "ReturnDataType": null,
          "Parameters": [],
          "RuleType": 0,
          "EventName": "",
          "ApplyToAttribute": ""
        },
        {
          "Name": "CollectSequence",
          "Description": "",
          "Syntax": "",
          "Text": "static function Array[T] CollectSequence(Array[T] _s, Func _f){\r\n \t Colleciton[T] result;\r\n \t result = _s.Select(_f);\r\n \t return result.ToArray();\r\n }\r\n",
          "BaseInfo": "",
          "IsStatic": true,
          "IsInherited": false,
          "IsExternal": false,
          "ReturnDataType": null,
          "Parameters": [],
          "RuleType": 0,
          "EventName": "",
          "ApplyToAttribute": ""
        },
        {
          "Name": "ForAll",
          "Description": "",
          "Syntax": "",
          "Text": "static function bool ForAll(Collection[T] _s, Func _f){\r\n \t bool result = false;\r\n \t result = _s.All(_f);\r\n \t return result;\r\n }\r\n",
          "BaseInfo": "",
          "IsStatic": true,
          "IsInherited": false,
          "IsExternal": false,
          "ReturnDataType": null,
          "Parameters": [],
          "RuleType": 0,
          "EventName": "",
          "ApplyToAttribute": ""
        },
        {
          "Name": "Exists",
          "Description": "",
          "Syntax": "",
          "Text": "static function bool Exists(Collection[T] _s, Func _f){\r\n \t bool result = false;\r\n \t if (_s.Any(_f) == true) {\r\n \t\t return true;\r\n \t }\r\n \t return result;\r\n }\r\n",
          "BaseInfo": "",
          "IsStatic": true,
          "IsInherited": false,
          "IsExternal": false,
          "ReturnDataType": null,
          "Parameters": [],
          "RuleType": 0,
          "EventName": "",
          "ApplyToAttribute": ""
        },
        {
          "Name": "Exists1",
          "Description": "",
          "Syntax": "",
          "Text": "static function bool Exists1(Collection[T] _s, Func _f){\r\n \t bool found = false;\r\n \t for int i = 0; i < _s.Length; i + 1 {\r\n \t\t Collection[T] tmp;\r\n \t\t tmp.Add(_s.Get(i));\r\n \t\t if (tmp.Any(_f) == true) {\r\n \t\t\t if(found) {\r\n \t\t\t\t return false;\r\n \t\t\t }\r\n \t\t\t found = true;\r\n \t\t }\r\n \t }\r\n \t return found; // _s.Single(_f);\r\n }\r\n",
          "BaseInfo": "",
          "IsStatic": true,
          "IsInherited": false,
          "IsExternal": false,
          "ReturnDataType": null,
          "Parameters": [],
          "RuleType": 0,
          "EventName": "",
          "ApplyToAttribute": ""
        },
        {
          "Name": "Any",
          "Description": "",
          "Syntax": "",
          "Text": "static function T Any(Collection[T] _s, Func _f){\r\n \t if (_s.Any(_f) == true) {\r\n \t\t return _s.Get(_s.FindIndex(_f));\r\n \t }\r\n \t return null;\r\n }\r\n",
          "BaseInfo": "",
          "IsStatic": true,
          "IsInherited": false,
          "IsExternal": false,
          "ReturnDataType": null,
          "Parameters": [],
          "RuleType": 0,
          "EventName": "",
          "ApplyToAttribute": ""
        },
        {
          "Name": "UnionAll",
          "Description": "",
          "Syntax": "",
          "Text": "static function Collection[T] UnionAll(Collection[T] _s, Func _f) {\r\n \t Colleciton[T] result;\r\n \t result = _s.SelectMany(_f);\r\n \t return result;\r\n }\r\n
",
          "BaseInfo": "",
          "IsStatic": true,
          "IsInherited": false,
          "IsExternal": false,
          "ReturnDataType": null,
          "Parameters": [],
          "RuleType": 0,
          "EventName": "",
          "ApplyToAttribute": ""
        },
        {
          "Name": "ConcatenateAll",
          "Description": "",
          "Syntax": "",
          "Text": "static function Array[T] ConcatenateAll(Array[T] _s, Func _f) {\r\n \t Colleciton[T] result;\r\n \t result = _s.SelectMany(_f);\r\n \t return result.ToArray();\r\n }\r\n",
          "BaseInfo": "",
          "IsStatic": true,
          "IsInherited": false,
          "IsExternal": false,
          "ReturnDataType": null,
          "Parameters": [],
          "RuleType": 0,
          "EventName": "",
          "ApplyToAttribute": ""
        },
        {
          "Name": "IntersectAllSet",
          "Description": "",
          "Syntax": "",
          "Text": "static function Collection[T] IntersectAllSet(Collection[T] _s, Func _f) {\r\n \t Collection[T] result;\r\n \t if (se.Length == 0) {\r\n \t\t return result;\r\n \t }\r\n \t result.AddRange(se.Get(0).Select(_f));\r\n \t for int i = 1; i < se.Length; i + 1 {\r\n \t\t Collection[T] tmp = se.Get(i);\r\n \t\t tmp = tmp.Select(_f);\r\n \t\t result = result.Intersect(tmp);\r\n \t }\r\n \t return result;\r\n }\r\n",
          "BaseInfo": "",
          "IsStatic": true,
          "IsInherited": false,
          "IsExternal": false,
          "ReturnDataType": null,
          "Parameters": [],
          "RuleType": 0,
          "EventName": "",
          "ApplyToAttribute": ""
        },
        {
          "Name": "IntersectAllSequence",
          "Description": "",
          "Syntax": "",
          "Text": "static function Array[T] IntersectAllSequence(Collection[T] _s, Func _f) {\r\n \t Collection[T] result;\r\n \t if (se.Length == 0) {\r\n \t\t return result;\r\n \t }\r\n \t result.AddRange(se.Get(0).Select(_f));\r\n \t for int i = 1; i < se.Length; i + 1 {\r\n \t\t Collection[T] tmp = se.Get(i);\r\n \t\t tmp = tmp.Select(_f);\r\n \t\t result = result.Intersect(tmp);\r\n \t }\r\n \t return result.ToArray();\r\n }\r\n",
          "BaseInfo": "",
          "IsStatic": true,
          "IsInherited": false,
          "IsExternal": false,
          "ReturnDataType": null,
          "Parameters": [],
          "RuleType": 0,
          "EventName": "",
          "ApplyToAttribute": ""
        },
        {
          "Name": "InitialiseSet",
          "Description": "",
          "Syntax": "",
          "Text": "static function Collection[T] InitialiseSet(T ... args){\r\n \t Collection[T] result;\r\n \t for int i = 0; i < args.Length; i + 1 {\r\n \t\t result.Add(args[i]);\r\n \t }\r\n \t return result;\r\n }\r\n",
          "BaseInfo": "",
          "IsStatic": true,
          "IsInherited": false,
          "IsExternal": false,
          "ReturnDataType": null,
          "Parameters": [],
          "RuleType": 0,
          "EventName": "",
          "ApplyToAttribute": ""
        },
        {
          "Name": "InitialiseSortedSet",
          "Description": "",
          "Syntax": "",
          "Text": "static function Collection[T] InitialiseSortedSet(T ... args){\r\n \t Collection[T] result;\r\n \t for int i = 0; i < args.Length; i + 1 {\r\n \t\t result.Add(args[i]);\r\n \t }\r\n \t return result;\r\n }\r\n",
          "BaseInfo": "",
          "IsStatic": true,
          "IsInherited": false,
          "IsExternal": false,
          "ReturnDataType": null,
          "Parameters": [],
          "RuleType": 0,
          "EventName": "",
          "ApplyToAttribute": ""
        },
        {
          "Name": "InitialiseSequence",
          "Description": "",
          "Syntax": "",
          "Text": "static function ArrayList[T] InitialiseSequence(T ... args){\r\n \t Collection[T] result;\r\n \t for int i = 0; i < args.Length; i + 1 {\r\n \t\t result.Add(args[i]);\r\n \t }\r\n \t return result.ToArray();\r\n }\r\n",
          "BaseInfo": "",
          "IsStatic": true,
          "IsInherited": false,
          "IsExternal": false,
          "ReturnDataType": null,
          "Parameters": [],
          "RuleType": 0,
          "EventName": "",
          "ApplyToAttribute": ""
        },
        {
          "Name": "CopySet",
          "Description": "",
          "Syntax": "",
          "Text": "static function Collection[T] CopySet(Collection[T] s){\r\n \t Collection[T] result;\r\n \t result.AddRange(s);\r\n }\r\n",
          "BaseInfo": "",
          "IsStatic": true,
          "IsInherited": false,
          "IsExternal": false,
          "ReturnDataType": null,
          "Parameters": [],
          "RuleType": 0,
          "EventName": "",
          "ApplyToAttribute": ""
        },
        {
          "Name": "CopySortedSet",
          "Description": "",
          "Syntax": "",
          "Text": "static function Collection[T] CopySortedSet(Collection[T] s){\r\n \t Collection[T] result;\r\n \t result.AddRange(s);\r\n }\r\n",
          "BaseInfo": "",
          "IsStatic": true,
          "IsInherited": false,
          "IsExternal": false,
          "ReturnDataType": null,
          "Parameters": [],
          "RuleType": 0,
          "EventName": "",
          "ApplyToAttribute": ""
        },
        {
          "Name": "CopySequence",
          "Description": "",
          "Syntax": "",
          "Text": "static function Array[T] CopySequence(Collection[T] s){\r\n \t Collection[T] result;\r\n \t result.AddRange(s.ToCollection());\r\n }\r\n",
          "BaseInfo": "",
          "IsStatic": true,
          "IsInherited": false,
          "IsExternal": false,
          "ReturnDataType": null,
          "Parameters": [],
          "RuleType": 0,
          "EventName": "",
          "ApplyToAttribute": ""
        },
        {
          "Name": "CopyMap",
          "Description": "",
          "Syntax": "",
          "Text": "static function Dictionary[K, T] CopyMap(Dictionary[K, T] s){\r\n \t Dictionary[K, T] result;\r\n \t Collection[K] keys = s.GetKeys();\r\n \t for int i = 0; i < keys.Length; i + 1 {\r\n \t\t result.Add(keys.Get(i), s.Get(keys.Get(i)));\r\n \t }\r\n \t return result;\r\n }\r\n",
          "BaseInfo": "",
          "IsStatic": true,
          "IsInherited": false,
          "IsExternal": false,
          "ReturnDataType": null,
          "Parameters": [],
          "RuleType": 0,
          "EventName": "",
          "ApplyToAttribute": ""
        },
        {
          "Name": "Min",
          "Description": "",
          "Syntax": "",
          "Text": "static function T Min(Collection[T] s) {\r\n \t Collection[T] tmpCollection;\r\n \t tmpCollection.AddRange(s);\r\n \t if (s.Length == 0) {\r\n \t\t return null;\r\n \t }\r\n \t T result = tmpCollection.Get(0);\r\n \t for int i = 1; i < s.Length; i + 1 {\r\n \t\t T val = tmpCollection.Get(i);\r\n \t\t if (val < result) {\r\n \t\t\t result = val;\r\n \t\t }\r\n \t }\r\n \t return result;\r\n }\r\n",
          "BaseInfo": "",
          "IsStatic": true,
          "IsInherited": false,
          "IsExternal": false,
          "ReturnDataType": null,
          "Parameters": [],
          "RuleType": 0,
          "EventName": "",
          "ApplyToAttribute": ""
        },
        {
          "Name": "Max",
          "Description": "",
          "Syntax": "",
          "Text": "static function T Max(Collection[T] s) {\r\n \t Collection[T] tmpCollection;\r\n \t tmpCollection.AddRange(s);\r\n \t if (s.Length == 0) {\r\n \t\t return null;\r\n \t }\r\n \t T result = tmpCollection.Get(0);\r\n \t for int i = 1; i < s.Length; i + 1 {\r\n \t\t T val = tmpCollection.Get(i);\r\n \t\t if (val > result) {\r\n \t\t\t result = val;\r\n \t\t }\r\n \t }\r\n \t return result;\r\n }\r\n",
          "BaseInfo": "",
          "IsStatic": true,
          "IsInherited": false,
          "IsExternal": false,
          "ReturnDataType": null,
          "Parameters": [],
          "RuleType": 0,
          "EventName": "",
          "ApplyToAttribute": ""
        },
        {
          "Name": "Gcd",
          "Description": "",
          "Syntax": "",
          "Text": "static function long Gcd(long xx, long yy){\r\n \t long x = CommonLib.Math.Abs(xx);\r\n \t long y = CommonLib.Math.Abs(yy);\r\n \t while (x != 0 && y != 0){\r\n \t\t long z = y;\r\n \t\t y = x % y;\r\n \t\t x = z;\r\n \t }\r\n \t \r\n \t if (y == 0){\r\n \t\t return x;\r\n \t }\r\n \t if (x == 0){\r\n \t\t return y;\r\n \t }\r\n \t return 0;\r\n }\r\n",
          "BaseInfo": "",
          "IsStatic": true,
          "IsInherited": false,
          "IsExternal": false,
          "ReturnDataType": null,
          "Parameters": [],
          "RuleType": 0,
          "EventName": "",
          "ApplyToAttribute": ""
        },
        {
          "Name": "AddSet",
          "Description": "",
          "Syntax": "",
          "Text": "static function Collection[T] AddSet(Collection[T] s, T x){\r\n \t if (x != null) {\r\n \t\t s.Add(x);\r\n \t }\r\n \t return s;\r\n }\r\n",
          "BaseInfo": "",
          "IsStatic": true,
          "IsInherited": false,
          "IsExternal": false,
          "ReturnDataType": null,
          "Parameters": [],
          "RuleType": 0,
          "EventName": "",
          "ApplyToAttribute": ""
        },
        {
          "Name": "AddSet",
          "Description": "",
          "Syntax": "",
          "Text": "static function Collection[int] AddSet(Collection[int] s, int x){\r\n \t s.Add(x);\r\n \t return s;\r\n }\r\n",
          "BaseInfo": "",
          "IsStatic": true,
          "IsInherited": false,
          "IsExternal": false,
          "ReturnDataType": null,
          "Parameters": [],
          "RuleType": 0,
          "EventName": "",
          "ApplyToAttribute": ""
        },
        {
          "Name": "AddSet",
          "Description": "",
          "Syntax": "",
          "Text": "static function Collection[double] AddSet(Collection[double] s, double x){\r\n \t s.Add(x);\r\n \t return s;\r\n }\r\n",
          "BaseInfo": "",
          "IsStatic": true,
          "IsInherited": false,
          "IsExternal": false,
          "ReturnDataType": null,
          "Parameters": [],
          "RuleType": 0,
          "EventName": "",
          "ApplyToAttribute": ""
        },
        {
          "Name": "AddSet",
          "Description": "",
          "Syntax": "",
          "Text": "static function Collection[long] AddSet(Collection[long] s, long x){\r\n \t s.Add(x);\r\n \t return s;\r\n }\r\n",
          "BaseInfo": "",
          "IsStatic": true,
          "IsInherited": false,
          "IsExternal": false,
          "ReturnDataType": null,
          "Parameters": [],
          "RuleType": 0,
          "EventName": "",
          "ApplyToAttribute": ""
        },
        {
          "Name": "AddSet",
          "Description": "",
          "Syntax": "",
          "Text": "static function Collection[bool] AddSet(Collection[bool] s, bool x){\r\n \t s.Add(x);\r\n \t return s;\r\n }\r\n",
          "BaseInfo": "",
          "IsStatic": true,
          "IsInherited": false,
          "IsExternal": false,
          "ReturnDataType": null,
          "Parameters": [],
          "RuleType": 0,
          "EventName": "",
          "ApplyToAttribute": ""
        },
        {
          "Name": "AddSequence",
          "Description": "",
          "Syntax": "",
          "Text": "static function Array[T] AddSequence(Array[T] s, T x){\r\n \t Collection[T] result = s.ToCollection();\r\n \t if (x != null) {\r\n \t\t result.Add(x);\r\n \t }\r\n \t return result.ToArray();\r\n }\r\n",
          "BaseInfo": "",
          "IsStatic": true,
          "IsInherited": false,
          "IsExternal": false,
          "ReturnDataType": null,
          "Parameters": [],
          "RuleType": 0,
          "EventName": "",
          "ApplyToAttribute": ""
        },
        {
          "Name": "AddSequence",
          "Description": "",
          "Syntax": "",
          "Text": "static function Array[int] AddSequence(Array[int] s, int x){\r\n \t Collection[int] result = s.ToCollection();\r\n \t result.Add(x);\r\n \t return result.ToArray();\r\n }\r\n",
          "BaseInfo": "",
          "IsStatic": true,
          "IsInherited": false,
          "IsExternal": false,
          "ReturnDataType": null,
          "Parameters": [],
          "RuleType": 0,
          "EventName": "",
          "ApplyToAttribute": ""
        },
        {
          "Name": "AddSequence",
          "Description": "",
          "Syntax": "",
          "Text": "static function Array[double] AddSequence(Array[double] s, double x){\r\n \t Collection[double] result = s.ToCollection();\r\n \t result.Add(x);\r\n \t return result.ToArray();\r\n }\r\n",
          "BaseInfo": "",
          "IsStatic": true,
          "IsInherited": false,
          "IsExternal": false,
          "ReturnDataType": null,
          "Parameters": [],
          "RuleType": 0,
          "EventName": "",
          "ApplyToAttribute": ""
        },
        {
          "Name": "AddSequence",
          "Description": "",
          "Syntax": "",
          "Text": "static function Array[long] AddSequence(Array[long] s, long x){\r\n \t Collection[long] result = s.ToCollection();\r\n \t result.Add(x);\r\n \t return result.ToArray();\r\n }\r\n",
          "BaseInfo": "",
          "IsStatic": true,
          "IsInherited": false,
          "IsExternal": false,
          "ReturnDataType": null,
          "Parameters": [],
          "RuleType": 0,
          "EventName": "",
          "ApplyToAttribute": ""
        },
        {
          "Name": "AddSequence",
          "Description": "",
          "Syntax": "",
          "Text": "static function Array[bool] AddSequence(Array[bool] s, bool x){\r\n \t Collection[bool] result = s.ToCollection();\r\n \t result.Add(x);\r\n \t return result.ToArray();\r\n }\r\n",
          "BaseInfo": "",
          "IsStatic": true,
          "IsInherited": false,
          "IsExternal": false,
          "ReturnDataType": null,
          "Parameters": [],
          "RuleType": 0,
          "EventName": "",
          "ApplyToAttribute": ""
        },
        {
          "Name": "ExcludingSet",
          "Description": "",
          "Syntax": "",
          "Text": "static function Collection[T] ExcludingSet(Collection[T] _s, T _x){\r\n \t Collection[T] tmp = _s;\r\n \t Collection[T] result;\r\n \t for int i = 0; i < tmp.Length; i + 1 {\r\n \t\t if (tmp.Get(i).Equals(_x) == false) {\r\n \t\t\t result.Add(tmp.Get(i));\r\n \t\t }\r\n \t }\r\n \t return result;\r\n }\r\n",
          "BaseInfo": "",
          "IsStatic": true,
          "IsInherited": false,
          "IsExternal": false,
          "ReturnDataType": null,
          "Parameters": [],
          "RuleType": 0,
          "EventName": "",
          "ApplyToAttribute": ""
        },
        {
          "Name": "ExcludingSequence",
          "Description": "",
          "Syntax": "",
          "Text": "static function Array[T] ExcludingSequence(Array[T] _s, T _x){\r\n \t Collection[T] tmp = _s.ToCollection();\r\n \t Collection[T] result;\r\n \t for int i = 0; i < tmp.Length; i + 1 {\r\n \t\t if (tmp.Get(i.Equals(_x) == false) {\r\n \t\t\t result.Add(tmp.Get(i));\r\n \t\t }\r\n \t }\r\n \t return result.ToArray();\r\n }\r\n",
          "BaseInfo": "",
          "IsStatic": true,
          "IsInherited": false,
          "IsExternal": false,
          "ReturnDataType": null,
          "Parameters": [],
          "RuleType": 0,
          "EventName": "",
          "ApplyToAttribute": ""
        },
        {
          "Name": "AsSequence",
          "Description": "",
          "Syntax": "",
          "Text": "static function Array[T] AsSequence(Collection[T] c){\r\n \t ArrayList[T] result;\r\n \t result = c.ToArray();\r\n \t return result;\r\n }\r\n",
          "BaseInfo": "",
          "IsStatic": true,
          "IsInherited": false,
          "IsExternal": false,
          "ReturnDataType": null,
          "Parameters": [],
          "RuleType": 0,
          "EventName": "",
          "ApplyToAttribute": ""
        },
        {
          "Name": "AsSet",
          "Description": "",
          "Syntax": "",
          "Text": "static function Collection[T] AsSet(Collection[T] c){\r\n \t Collection[T] result;\r\n \t result.AddRange(c);\r\n \t return result;\r\n }\r\n",
          "BaseInfo": "",
          "IsStatic": true,
          "IsInherited": false,
          "IsExternal": false,
          "ReturnDataType": null,
          "Parameters": [],
          "RuleType": 0,
          "EventName": "",
          "ApplyToAttribute": ""
        },
        {
          "Name": "Union",
          "Description": "",
          "Syntax": "",
          "Text": "static function Collection[T] Union(Collection[T] a, Collection[T] b) {\r\n \t Collection[T] result;\r\n \t for int i = 0; i < a.Length; i + 1 {\r\n \t\t T tmp = a.Get(i);\r\n \t\t if (result.Contains(tmp) == false) {\r\n \t\t\t result.Add(tmp);\r\n \t\t }\r\n \t }\r\n \t for int i = 0; i < b.Length; i + 1 {\r\n \t\t T tmp = b.Get(i);\r\n \t\t if (result.Contains(tmp) == false) {\r\n \t\t\t result.Add(tmp);\r\n \t\t }\r\n \t }\r\n \t return result;\r\n }\r\n",
          "BaseInfo": "",
          "IsStatic": true,
          "IsInherited": false,
          "IsExternal": false,
          "ReturnDataType": null,
          "Parameters": [],
          "RuleType": 0,
          "EventName": "",
          "ApplyToAttribute": ""
        },
        {
          "Name": "Union",
          "Description": "",
          "Syntax": "",
          "Text": "static function Array<T> Union(Array[T] a, Collection[T] b){\r\n \t Collection[T] result;\r\n \t Collection[T] aa = a.ToCollection();\r\n \t for int i = 0; i < aa.Length; i + 1 {\r\n \t\t T tmp = aa.Get(i);\r\n \t\t if (result.Contains(tmp) == false) {\r\n \t\t\t result.Add(tmp);\r\n \t\t }\r\n \t }\r\n \t for int i = 0; i < b.Length; i + 1 {\r\n \t\t T tmp = b.Get(i);\r\n \t\t if (result.Contains(tmp) == false) {\r\n \t\t\t result.Add(tmp);\r\n \t\t }\r\n \t }\r\n \t return result.ToArray();\r\n }\r\n",
          "BaseInfo": "",
          "IsStatic": true,
          "IsInherited": false,
          "IsExternal": false,
          "ReturnDataType": null,
          "Parameters": [],
          "RuleType": 0,
          "EventName": "",
          "ApplyToAttribute": ""
        },
        {
          "Name": "Subtract",
          "Description": "",
          "Syntax": "",
          "Text": "static function Collection[T] Subtract(Collection[T] a, Collection[T] b){\r\n \t Collection[T] result;\r\n \t for int i = 0; i < a.Length; i + 1 {\r\n \t\t T tmp = a.Get(i);\r\n \t\t if (result.Contains(tmp) == false) {\r\n \t\t\t result.Add(tmp);\r\n \t\t }\r\n \t }\r\n \t for int i = 0; i < b.Length; i + 1 {\r\n \t\t T tmp = b.Get(i);\r\n \t\t if (result.Contains(tmp) == true) {\r\n \t\t\t result.Remove(tmp);\r\n \t\t }\r\n \t }\r\n \t return result;\r\n }\r\n",
          "BaseInfo": "",
          "IsStatic": true,
          "IsInherited": false,
          "IsExternal": false,
          "ReturnDataType": null,
          "Parameters": [],
          "RuleType": 0,
          "EventName": "",
          "ApplyToAttribute": ""
        },
        {
          "Name": "Subtract",
          "Description": "",
          "Syntax": "",
          "Text": "static function Array[T] Subtract(Array[T] a, Collection[T] b){\r\n \t Collection[T] result;\r\n \t Collection[T] aa = a.ToCollection();\r\n \t for int i = 0; i < aa.Length; i + 1 {\r\n \t\t T tmp = aa.Get(i);\r\n \t\t if (result.Contains(tmp) == false) {\r\n \t\t\t result.Add(tmp);\r\n \t\t }\r\n \t }\r\n \t for int i = 0; i < b.Length; i + 1 {\r\n \t\t T tmp = b.Get(i);\r\n \t\t if (result.Contains(tmp) == true) {\r\n \t\t\t result.Remove(tmp);\r\n \t\t }\r\n \t }\r\n \t return result.ToArray();\r\n }\r\n",
          "BaseInfo": "",
          "IsStatic": true,
          "IsInherited": false,
          "IsExternal": false,
          "ReturnDataType": null,
          "Parameters": [],
          "RuleType": 0,
          "EventName": "",
          "ApplyToAttribute": ""
        },
        {
          "Name": "Subtract",
          "Description": "",
          "Syntax": "",
          "Text": "static function string Subtract(string a, string b){\r\n \t String result = "";\r\n \t for int i = 0; i < a.Length; i + 1{\r\n \t\t String tmp = a.CharAt(i).ToString();\r\n \t\t if (b.Contains(tmp) == false) {\r\n \t\t\t result = result + tmp;\r\n \t\t }\r\n \t }\r\n \t return ressult;\r\n }\r\n",
          "BaseInfo": "",
          "IsStatic": true,
          "IsInherited": false,
          "IsExternal": false,
          "ReturnDataType": null,
          "Parameters": [],
          "RuleType": 0,
          "EventName": "",
          "ApplyToAttribute": ""
        },
        {
          "Name": "Intersection",
          "Description": "",
          "Syntax": "",
          "Text": "static function Collection[T] Intersection(Collection[T] a, Collection[T] b){\r\n \t Collection[T] result;\r\n \t result.AddRange(a);\r\n \t result = result.Intersect(b);\r\n \t return result;\r\n }\r\n",
          "BaseInfo": "",
          "IsStatic": true,
          "IsInherited": false,
          "IsExternal": false,
          "ReturnDataType": null,
          "Parameters": [],
          "RuleType": 0,
          "EventName": "",
          "ApplyToAttribute": ""
        },
        {
          "Name": "Intersection",
          "Description": "",
          "Syntax": "",
          "Text": "static function Array[T] Intersection(Array[T] a, Collection[T] b){\r\n \t Collection[T] result;\r\n \t result.AddRange(a.ToCollection());\r\n \t result = result.Intersect(b);\r\n \t return result.ToArray();\r\n }\r\n",
          "BaseInfo": "",
          "IsStatic": true,
          "IsInherited": false,
          "IsExternal": false,
          "ReturnDataType": null,
          "Parameters": [],
          "RuleType": 0,
          "EventName": "",
          "ApplyToAttribute": ""
        },
        {
          "Name": "SymmetricDifference",
          "Description": "",
          "Syntax": "",
          "Text": "static function Collection[T] SymmetricDifference(Collection[T] a, Collection[T] b){\r\n \t Collection[T] result;\r\n \t for int i = 0; i < a.Length; i + 1 {\r\n \t\t T tmp = a.Get(i);\r\n \t\t if (b.Contains(tmp) == false && result.Contains(tmp) == false) {\r\n \t\t\t result.Add(tmp);\r\n \t\t }\r\n \t }\r\n \t for int i = 0; i < b.Length; i + 1 {\r\n \t\t T tmp = b.Get(i);\r\n \t\t if (a.Contains(tmp) == false && result.Contains(tmp) == false) {\r\n \t\t\t result.Add(tmp);\r\n \t\t }\r\n \t }\r\n \t return result;\r\n }\r\n",
          "BaseInfo": "",
          "IsStatic": true,
          "IsInherited": false,
          "IsExternal": false,
          "ReturnDataType": null,
          "Parameters": [],
          "RuleType": 0,
          "EventName": "",
          "ApplyToAttribute": ""
        },
        {
          "Name": "IsUnique",
          "Description": "",
          "Syntax": "",
          "Text": "static function bool IsUnique(Collection[] evals){\r\n \t Collection[T] vals;\r\n \t for int i = 0; i < evals.Length; i + 1 {\r\n \t\t if (vals.Contains(evals.Get(i))) {\r\n \t\t\t return false;\r\n \t\t }\r\n \t\t vals.Add(evals.Get(i));\r\n \t }\r\n \t return true;\r\n }\r\n",
          "BaseInfo": "",
          "IsStatic": true,
          "IsInherited": false,
          "IsExternal": false,
          "ReturnDataType": null,
          "Parameters": [],
          "RuleType": 0,
          "EventName": "",
          "ApplyToAttribute": ""
        },
        {
          "Name": "Sumint",
          "Description": "",
          "Syntax": "",
          "Text": "static function int Sumint(Collection[int] a){\r\n \t int sum = 0;\r\n \t for int i = 0; i < a.Length; i + 1{\r\n \t\t int x = a.Get(i);\r\n \t\t if (x != null) {\r\n \t\t\t sum = sum + a.Get(i);\r\n \t\t }\r\n \t }\r\n \t return sum;\r\n }\r\n",
          "BaseInfo": "",
          "IsStatic": true,
          "IsInherited": false,
          "IsExternal": false,
          "ReturnDataType": null,
          "Parameters": [],
          "RuleType": 0,
          "EventName": "",
          "ApplyToAttribute": ""
        },
        {
          "Name": "Sumdouble",
          "Description": "",
          "Syntax": "",
          "Text": "static function double Sumdouble(Collection[double] a){\r\n \t double sum = 0;\r\n \t for int i = 0; i < a.Length; i + 1{\r\n \t\t double x = a.Get(i);\r\n \t\t if (x != null) {\r\n \t\t\t sum = sum + a.Get(i);\r\n \t\t }\r\n \t }\r\n \t return sum;\r\n }\r\n",
          "BaseInfo": "",
          "IsStatic": true,
          "IsInherited": false,
          "IsExternal": false,
          "ReturnDataType": null,
          "Parameters": [],
          "RuleType": 0,
          "EventName": "",
          "ApplyToAttribute": ""
        },
        {
          "Name": "Sumlong",
          "Description": "",
          "Syntax": "",
          "Text": "static function long Sumlong(Collection[long] a){\r\n \t long sum = 0;\r\n \t for int i = 0; i < a.Length; i + 1{\r\n \t\t long x = a.Get(i);\r\n \t\t if (x != null) {\r\n \t\t\t sum = sum + a.Get(i);\r\n \t\t }\r\n \t }\r\n \t return sum;\r\n }\r\n",
          "BaseInfo": "",
          "IsStatic": true,
          "IsInherited": false,
          "IsExternal": false,
          "ReturnDataType": null,
          "Parameters": [],
          "RuleType": 0,
          "EventName": "",
          "ApplyToAttribute": ""
        },
        {
          "Name": "SumString",
          "Description": "",
          "Syntax": "",
          "Text": "static function string SumString(Collection[string] a){\r\n \t String sum = "";\r\n \t for int i = 0; i < a.Length; i + 1{\r\n \t\t sum = sum + a.Get(i);\r\n \t }\r\n \t return sum;\r\n }\r\n",
          "BaseInfo": "",
          "IsStatic": true,
          "IsInherited": false,
          "IsExternal": false,
          "ReturnDataType": null,
          "Parameters": [],
          "RuleType": 0,
          "EventName": "",
          "ApplyToAttribute": ""
        },
        {
          "Name": "Prdint",
          "Description": "",
          "Syntax": "",
          "Text": "static function int Prdint(Collection[int] a){\r\n \t int prd = 1;\r\n \t for int i = 0; i < a.Length; i + 1 {\r\n \t\t int x = a.Get(i);\r\n \t\t if (x != null) {\r\n \t\t\t prd *= x;\r\n \t\t }\r\n \t }\r\n \t return prd;\r\n }\r\n",
          "BaseInfo": "",
          "IsStatic": true,
          "IsInherited": false,
          "IsExternal": false,
          "ReturnDataType": null,
          "Parameters": [],
          "RuleType": 0,
          "EventName": "",
          "ApplyToAttribute": ""
        },
        {
          "Name": "Prddouble",
          "Description": "",
          "Syntax": "",
          "Text": "static function double Prddouble(Collection[double] a){\r\n \t double prd = 1;\r\n \t for int i = 0; i < a.Length; i + 1 {\r\n \t\t double x = a.Get(i);\r\n \t\t if (x != null) {\r\n \t\t\t prd *= x;\r\n \t\t }\r\n \t }\r\n \t return prd;\r\n }\r\n",
          "BaseInfo": "",
          "IsStatic": true,
          "IsInherited": false,
          "IsExternal": false,
          "ReturnDataType": null,
          "Parameters": [],
          "RuleType": 0,
          "EventName": "",
          "ApplyToAttribute": ""
        },
        {
          "Name": "Prdlong",
          "Description": "",
          "Syntax": "",
          "Text": "static function long Prdlong(Collection[long] a){\r\n \t long prd = 1;\r\n \t for int i = 0; i < a.Length; i + 1 {\r\n \t\t long x = a.Get(i);\r\n \t\t if (x != null) {\r\n \t\t\t prd *= x;\r\n \t\t }\r\n \t }\r\n \t return prd;\r\n }\r\n",
          "BaseInfo": "",
          "IsStatic": true,
          "IsInherited": false,
          "IsExternal": false,
          "ReturnDataType": null,
          "Parameters": [],
          "RuleType": 0,
          "EventName": "",
          "ApplyToAttribute": ""
        },
        {
          "Name": "Concatenate",
          "Description": "",
          "Syntax": "",
          "Text": "static function Array[T] Concatenate(Collection[T] a, Collection[T] b){\r\n \t Collectioin[T] result;\r\n \t res.AddRange(a);\r\n \t res.AddRange(b);\r\n \t return result.ToArray();\r\n }\r\n",
          "BaseInfo": "",
          "IsStatic": true,
          "IsInherited": false,
          "IsExternal": false,
          "ReturnDataType": null,
          "Parameters": [],
          "RuleType": 0,
          "EventName": "",
          "ApplyToAttribute": ""
        },
        {
          "Name": "Reverse",
          "Description": "",
          "Syntax": "",
          "Text": "static function Array[T] Reverse(Collection[T] a){\r\n \t Collection[T] tmp = a;\r\n \t Collectio[T] result;\r\n \t for int i = a.length() - 1; i >= 0; i - 1 {\r\n \t\t result.Add(tmp.Get(i));\r\n \t }\r\n \t return result.ToArray();\r\n }\r\n",
          "BaseInfo": "",
          "IsStatic": true,
          "IsInherited": false,
          "IsExternal": false,
          "ReturnDataType": null,
          "Parameters": [],
          "RuleType": 0,
          "EventName": "",
          "ApplyToAttribute": ""
        },
        {
          "Name": "Reverse",
          "Description": "",
          "Syntax": "",
          "Text": "static function string Reverse(string a){\r\n \t string res = "";\r\n \t for int i = a.length() - 1; i >= 0; i - 1 {\r\n \t\t result = result + a.CharAt(i).ToString();\r\n \t }\r\n \t return result;\r\n }\r\n",
          "BaseInfo": "",
          "IsStatic": true,
          "IsInherited": false,
          "IsExternal": false,
          "ReturnDataType": null,
          "Parameters": [],
          "RuleType": 0,
          "EventName": "",
          "ApplyToAttribute": ""
        },
        {
          "Name": "Front",
          "Description": "",
          "Syntax": "",
          "Text": "static function Array[T] Front(Array[T] a){\r\n \t Collection[T] result;\r\n \t Collection[T] tmp = a.ToCollection();\r\n \t for int i = 0; i < tmp.Length - 1; i + 1 {\r\n \t\t result.add(tmp.Get(i));\r\n \t }\r\n \t return result.ToArray();\r\n }\r\n",
          "BaseInfo": "",
          "IsStatic": true,
          "IsInherited": false,
          "IsExternal": false,
          "ReturnDataType": null,
          "Parameters": [],
          "RuleType": 0,
          "EventName": "",
          "ApplyToAttribute": ""
        },
        {
          "Name": "Tail",
          "Description": "",
          "Syntax": "",
          "Text": "static function Array[T] Tail(Array[T] a){\r\n \t Collection[T] result;\r\n \t Collection[T] tmp = a.ToCollection();\r\n \t for int i = 1; i < tmp.Length; i + 1 {\r\n \t\t result.add(tmp.Get(i));\r\n \t }\r\n \t return result.ToArray();\r\n }\r\n",
          "BaseInfo": "",
          "IsStatic": true,
          "IsInherited": false,
          "IsExternal": false,
          "ReturnDataType": null,
          "Parameters": [],
          "RuleType": 0,
          "EventName": "",
          "ApplyToAttribute": ""
        },
        {
          "Name": "Sort",
          "Description": "",
          "Syntax": "",
          "Text": "static function Array<T> Sort(Collection[T] a){\r\n \t Collection[T] result;\r\n \t result.AddRange(a);\r\n \t result.Sort((x,y)=> x > y ? -1 : 1);\r\n \t return res;\r\n }\r\n",
          "BaseInfo": "",
          "IsStatic": true,
          "IsInherited": false,
          "IsExternal": false,
          "ReturnDataType": null,
          "Parameters": [],
          "RuleType": 0,
          "EventName": "",
          "ApplyToAttribute": ""
        },
        {
          "Name": "SortedBy",
          "Description": "",
          "Syntax": "",
          "Text": "static function Array[T] SortedBy(Array[T] a, Array[T] f){\r\n \t int i = Length - 1;\r\n \t Dictioary[T, T] f_map;\r\n \t for int j = 0; j < a.Length; j + 1 {\r\n \t\t f_map.Add(a.Get(j), f.Get(j));\r\n \t }\r\n \t Collection[T] aa = a.ToCollection();\r\n \t Collection[T] result = Domain.MambaHelper.MergeSort(aa, f_map, 0, i);\r\n \t return result.ToArray();\r\n }\r\n",
          "BaseInfo": "",
          "IsStatic": true,
          "IsInherited": false,
          "IsExternal": false,
          "ReturnDataType": null,
          "Parameters": [],
          "RuleType": 0,
          "EventName": "",
          "ApplyToAttribute": ""
        },
        {
          "Name": "MergeSort",
          "Description": "",
          "Syntax": "",
          "Text": "static function Collection[T] MergeSort(Collection[T] a, Dictioary[T, T] f, int ind1, int ind2){\r\n \t Collection[T] result;\r\n \t if (ind1 > ind2){\r\n \t\t return result;\r\n \t }\r\n \t if (ind1 == ind2){\r\n \t\t result.Add(a.Get(ind1));\r\n \t\t return result;\r\n \t }\r\n \t if (ind2 == ind1 + 1){\r\n \t\t T e1 = f.Get(a.Get(ind1));\r\n \t\t T e2 = f.Get(a.Get(ind2));\r\n \t\t if (e1 < e2) {// e1 < e2\r\n \t\t\t result.Add(a.Get(ind1));\r\n \t\t\t result.Add(a.Get(ind2));\r\n \t\t\t return result;\r\n \t\t }\r\n \t\t else {\r\n \t\t\t result.Add(a.Get(ind2));\r\n \t\t\t result.Add(a.Get(ind1));\r\n \t\t\t return result;\r\n \t\t }\r\n \t }\r\n \t int mid = (ind1 + ind2) / 2;\r\n \t Collection[T] a1;\r\n \t Collection[T] a2;\r\n \t if (mid == ind1){\r\n \t\t //a1 = new ArrayList<T>();\r\n \t\t a1.Add(a.Get(ind1));\r\n \t\t a2 = Domain.MambaHelper.MergeSort(a, f, mid + 1, ind2);\r\n \t }\r\n \t else{\r\n \t\t a1 = Domain.MambaHelper.MergeSort(a, f, ind1, mid - 1);\r\n \t\t a2 = Domain.MambaHelper.MergeSort(a, f, mid, ind2);\r\n \t }\r\n \t int i = 0;\r\n \t int j = 0;\r\n \t while (i < a1.Length && j < a2.Length){\r\n \t\t T e1 = f.Get(a1.Get(i));\r\n \t\t T e2 = f.Get(a2.Get(j));\r\n \t\t if (e1 < e2) { // e1 < e2\r\n \t\t\t result.Add(a1.Get(i));\r\n \t\t\t i = i + 1; // get next e1\r\n \t\t }\r\n \t\t else {\r\n \t\t\t result.Add(a2.Get(j));\r\n \t\t\t j = j + 1;\r\n \t\t }\r\n \t\t }\r\n \t if (i == a1.Length){\r\n \t\t for int k = j; k < a2.Length; k + 1{\r\n \t\t\t result.Add(a2.Get(k));\r\n \t\t }\r\n \t }\r\n \t else {\r\n \t\t for int k = i; k < a1.Length; k +1 {\r\n \t\t\t res.Add(a1.Get(k));\r\n \t\t }\r\n \t }\r\n \t return result;\r\n }\r\n",
          "BaseInfo": "",
          "IsStatic": true,
          "IsInherited": false,
          "IsExternal": false,
          "ReturnDataType": null,
          "Parameters": [],
          "RuleType": 0,
          "EventName": "",
          "ApplyToAttribute": ""
        },
        {
          "Name": "IntegerSubrange",
          "Description": "",
          "Syntax": "",
          "Text": "static function Array<int> IntegerSubrange(int i, double j){\r\n \t Collection[int] result;\r\n \t for int k = i; k <= j; k + 1 {\r\n \t\t result.Add(k);\r\n \t }\r\n \t return result.ToArray();\r\n }\r\n",
          "BaseInfo": "",
          "IsStatic": true,
          "IsInherited": false,
          "IsExternal": false,
          "ReturnDataType": null,
          "Parameters": [],
          "RuleType": 0,
          "EventName": "",
          "ApplyToAttribute": ""
        },
        {
          "Name": "Subrange",
          "Description": "",
          "Syntax": "",
          "Text": "static function string Subrange(string s, int i, int j){\r\n \t return s.Substring(i-1, j);\r\n }\r\n",
          "BaseInfo": "",
          "IsStatic": true,
          "IsInherited": false,
          "IsExternal": false,
          "ReturnDataType": null,
          "Parameters": [],
          "RuleType": 0,
          "EventName": "",
          "ApplyToAttribute": ""
        },
        {
          "Name": "Subrange",
          "Description": "",
          "Syntax": "",
          "Text": "static function Array[T] Subrange(Array[T] l, int i, int j){\r\n \t Collection[T] result;\r\n \t for int k = i-1; k < j; k + 1 {\r\n \t\t result.Add(l.Get(k));\r\n \t }\r\n \t return result.ToArray();\r\n }\r\n",
          "BaseInfo": "",
          "IsStatic": true,
          "IsInherited": false,
          "IsExternal": false,
          "ReturnDataType": null,
          "Parameters": [],
          "RuleType": 0,
          "EventName": "",
          "ApplyToAttribute": ""
        },
        {
          "Name": "Prepend",
          "Description": "",
          "Syntax": "",
          "Text": "static function Array[T] Prepend(Array[T] l, T ob){\r\n \t Collection[T] result;\r\n \t result.Add(ob);\r\n \t result.AddRange(l.ToCollection());\r\n \t return result.ToArray();\r\n }\r\n",
          "BaseInfo": "",
          "IsStatic": true,
          "IsInherited": false,
          "IsExternal": false,
          "ReturnDataType": null,
          "Parameters": [],
          "RuleType": 0,
          "EventName": "",
          "ApplyToAttribute": ""
        },
        {
          "Name": "Append",
          "Description": "",
          "Syntax": "",
          "Text": "static function Array[T] Append(Array[T] l, T ob){\r\n \t Collection[T] result = l.ToCollection();\r\n \t result.AddRange(l);\r\n \t result.Add(ob);\r\n \t return result.ToArray();\r\n }\r\n",
          "BaseInfo": "",
          "IsStatic": true,
          "IsInherited": false,
          "IsExternal": false,
          "ReturnDataType": null,
          "Parameters": [],
          "RuleType": 0,
          "EventName": "",
          "ApplyToAttribute": ""
        },
        {
          "Name": "IncludingSequence",
          "Description": "",
          "Syntax": "",
          "Text": "static function ArrayList[T] IncludingSequence(Array[T] l, T ob){\r\n \t Collection[T] result = l.ToCollection();\r\n \t result.AddRange(l);\r\n \t result.Add(ob);\r\n \t return result.ToArray();\r\n }\r\n",
          "BaseInfo": "",
          "IsStatic": true,
          "IsInherited": false,
          "IsExternal": false,
          "ReturnDataType": null,
          "Parameters": [],
          "RuleType": 0,
          "EventName": "",
          "ApplyToAttribute": ""
        },
        {
          "Name": "IncludingSet",
          "Description": "",
          "Syntax": "",
          "Text": "static function Collection[T] IncludingSet(Collection[T] l, T ob){\r\n \t Collection[T] result;\r\n \t result.AddRange(l);\r\n \t result.Add(ob);\r\n \t return result;\r\n }\r\n",
          "BaseInfo": "",
          "IsStatic": true,
          "IsInherited": false,
          "IsExternal": false,
          "ReturnDataType": null,
          "Parameters": [],
          "RuleType": 0,
          "EventName": "",
          "ApplyToAttribute": ""
        },
        {
          "Name": "Count",
          "Description": "",
          "Syntax": "",
          "Text": "static function int Count(Collection[T] l, T obj){\r\n \t int result = 0;\r\n \t for int i = 0; i < l.Length; i + 1 {\r\n \t\t if(l.Get(i).Equals(obj) == true) {\r\n \t\t\t result = result + 1;\r\n \t\t }\r\n \t }\r\n \t return result;\r\n }\r\n",
          "BaseInfo": "",
          "IsStatic": true,
          "IsInherited": false,
          "IsExternal": false,
          "ReturnDataType": null,
          "Parameters": [],
          "RuleType": 0,
          "EventName": "",
          "ApplyToAttribute": ""
        },
        {
          "Name": "Count",
          "Description": "",
          "Syntax": "",
          "Text": "static function int Count(string s, string x){\r\n \t int result = 0;\r\n \t if (s.Length == 0) {\r\n \t\t return result;\r\n \t }\r\n \t if (s.Contains(x) == false) {\r\n \t\t return result;\r\n \t }\r\n \t int ind = s.IndexOf(x);\r\n \t result = result + 1;\r\n \t String ss = s.Substring(ind + 1, s.Length);\r\n \t while (ind >= 0){\r\n \t\t if (ss.Contains(x) == false || ss.Length == 0) {\r\n \t\t\t return result;\r\n \t\t }\r\n \t\t ind = ss.indexOf(x);\r\n \t\t result = result + 1;\r\n \t\t ss = s.Substring(ind + 1, s.Length);\r\n \t }\r\n \t return result;\r\n }\r\n",
          "BaseInfo": "",
          "IsStatic": true,
          "IsInherited": false,
          "IsExternal": false,
          "ReturnDataType": null,
          "Parameters": [],
          "RuleType": 0,
          "EventName": "",
          "ApplyToAttribute": ""
        },
        {
          "Name": "Characters",
          "Description": "",
          "Syntax": "",
          "Text": "static function Array[string] Characters(string str){\r\n \t Collection[string] result;\r\n \t for int i = 0; i < str.Length; i + 1 {\r\n \t\t char tmp = str.CharAt(i);\r\n \t\t result.Add(tmp.ToString());\r\n \t }\r\n \t return result.ToArray();\r\n }\r\n",
          "BaseInfo": "",
          "IsStatic": true,
          "IsInherited": false,
          "IsExternal": false,
          "ReturnDataType": null,
          "Parameters": [],
          "RuleType": 0,
          "EventName": "",
          "ApplyToAttribute": ""
        },
        {
          "Name": "Any",
          "Description": "",
          "Syntax": "",
          "Text": "static function T Any(Collection[T] v){\r\n \t for int i = 0; i < v.Length; i + 1 {\r\n \t\t return v.Get(i);\r\n \t }\r\n \t return null;\r\n }\r\n",
          "BaseInfo": "",
          "IsStatic": true,
          "IsInherited": false,
          "IsExternal": false,
          "ReturnDataType": null,
          "Parameters": [],
          "RuleType": 0,
          "EventName": "",
          "ApplyToAttribute": ""
        },
        {
          "Name": "First",
          "Description": "",
          "Syntax": "",
          "Text": "static function T First(Collection[T] v){\r\n \t for int i = 0; i < v.Length; i + 1 {\r\n \t\t return v.Get(i);\r\n \t }\r\n \t return null;\r\n }\r\n",
          "BaseInfo": "",
          "IsStatic": true,
          "IsInherited": false,
          "IsExternal": false,
          "ReturnDataType": null,
          "Parameters": [],
          "RuleType": 0,
          "EventName": "",
          "ApplyToAttribute": ""
        },
        {
          "Name": "Last",
          "Description": "",
          "Syntax": "",
          "Text": "static function T Last(Array[T] v){\r\n \t Collection[T] tmp = v.ToCollection();\r\n \t if (tmp.Length == 0){\r\n \t\t return null;\r\n \t }\r\n \t return tmp.Get(tmp.Length - 1);\r\n }\r\n",
          "BaseInfo": "",
          "IsStatic": true,
          "IsInherited": false,
          "IsExternal": false,
          "ReturnDataType": null,
          "Parameters": [],
          "RuleType": 0,
          "EventName": "",
          "ApplyToAttribute": ""
        },
        {
          "Name": "Last",
          "Description": "",
          "Syntax": "",
          "Text": "static function T Last(Collection[T] v){\r\n \t if (v.Length == 0){\r\n \t\t return null;\r\n \t }\r\n \t return v.Get(v.Length - 1);\r\n }\r\n",
          "BaseInfo": "",
          "IsStatic": true,
          "IsInherited": false,
          "IsExternal": false,
          "ReturnDataType": null,
          "Parameters": [],
          "RuleType": 0,
          "EventName": "",
          "ApplyToAttribute": ""
        },
        {
          "Name": "Subcollections",
          "Description": "",
          "Syntax": "",
          "Text": "static function Array[Array[T]] Subcollections(Array[T] v){\r\n \t Collection[Array[T]] result;\r\n \t if (v.Length == 0){\r\n \t\t Array[T] tmp;\r\n \t\t result.Add(tmp);\r\n \t\t return res.ToArray();\r\n \t }\r\n \t if (v.Length == 1){\r\n \t\t Array[T] tmp;\r\n \t\t result.Add(tmp);\r\n \t\t result.Add(v);\r\n \t\t return result.ToArray();\r\n \t }\r\n \t Collection[T] s;\r\n \t T x = v.Get(0);\r\n \t s.AddRange(v);\r\n \t s.Remove(s.Get(0));\r\n \t Array[Array[T]] scs = subcollections(s.ToArray());\r\n \t Collection[Array[T]] scsc = scs.ToCollection();\r\n \t result.AddRange(scsc);\r\n \t for int i = 0; i < scsc.Length; i + 1 {\r\n \t\t Collection[T] sc = scsc.Get(i).ToCollection;\r\n \t\t Collection[T] scc;\r\n \t\t scc.Add(x);\r\n \t\t scc.AddRange(sc);\r\n \t\t result.add(scc.ToArray());\r\n \t }\r\n \t return result.ToArray();\r\n }\r\n",
          "BaseInfo": "",
          "IsStatic": true,
          "IsInherited": false,
          "IsExternal": false,
          "ReturnDataType": null,
          "Parameters": [],
          "RuleType": 0,
          "EventName": "",
          "ApplyToAttribute": ""
        },
        {
          "Name": "Subcollections",
          "Description": "",
          "Syntax": "",
          "Text": "static function Collection[Collection[T]] Subcollections(Collection[T] v){\r\n \t Collection[Collection[T]] result;\r\n \t if (v.Length == 0) {\r\n \t\t Collection[T] tmp;\r\n \t\t result.Add(tmp);\r\n \t\t return result;\r\n \t }\r\n \t if (v.Length == 1) {\r\n \t\t Collection[T] tmp;\r\n \t\t result.Add(tmp);\r\n \t\t result.Add(v);\r\n \t\t return result;\r\n \t }\r\n \t Collection[T] s;\r\n \t T x = null;\r\n \t int _i = 0;\r\n \t for int i = 0; i < v.Length; i + 1 {\r\n \t\t T _o = v.Get(i);\r\n \t\t if (_i == 0) {\r\n \t\t\t x = _o;\r\n \t\t\t i = i + 1;\r\n \t\t }\r\n \t\t else {\r\n \t\t\t s.Add(_o);\r\n \t\t }\r\n \t }\r\n \t Collection[Collection[T]] scs = SubCollections(s);\r\n \t result.AddRange(scs);\r\n \t for int i = 0; i < scs.Length; i + 1 {\r\n \t\t Collection[T] sc = scs.Get(i);\r\n \t\t Collection[T] scc;\r\n \t\t scc.Add(x);\r\n \t\t scc.AddRange(sc);\r\n \t\t result.Add(scc);\r\n \t }\r\n \t return result;\r\n }\r\n",
          "BaseInfo": "",
          "IsStatic": true,
          "IsInherited": false,
          "IsExternal": false,
          "ReturnDataType": null,
          "Parameters": [],
          "RuleType": 0,
          "EventName": "",
          "ApplyToAttribute": ""
        },
        {
          "Name": "MaximalElements",
          "Description": "",
          "Syntax": "",
          "Text": "static function Array[T] MaximalElements(Array[T] s, Array[T] v){\r\n \t Collection[T] result;\r\n \t if (s.Length == 0) {\r\n \t\t return result.ToArray();\r\n \t }\r\n \t T largest = v.Get(0);\r\n \t result.Add(s.Get(0));\r\n \t for int i = 1; i < s.Length; i + 1 {\r\n \t\t T next = v.Get(i);\r\n \t\t if (largest < next){\r\n \t\t\t largest = next;\r\n \t\t\t res.Clear();\r\n \t\t\t result.Add(s.Get(i));\r\n \t\t }\r\n \t\t else if (largest.Equals(next)){\r\n \t\t\t res.add(s.Get(i));\r\n \t\t }\r\n \t }\r\n \t return result.ToArray();\r\n }\r\n",
          "BaseInfo": "",
          "IsStatic": true,
          "IsInherited": false,
          "IsExternal": false,
          "ReturnDataType": null,
          "Parameters": [],
          "RuleType": 0,
          "EventName": "",
          "ApplyToAttribute": ""
        },
        {
          "Name": "MinimalElements",
          "Description": "",
          "Syntax": "",
          "Text": "static function Array[T] MinimalElements(Array[T] s, Array[T] v){\r\n \t Collection[T] result;\r\n \t if (s.Length == 0) {\r\n \t\t return result.ToArray();\r\n \t }\r\n \t T smallest = v.Get(0);\r\n \t result.Add(s.Get(0));\r\n \t for int i = 1; i < s.Length; i + 1 {\r\n \t\t T next = v.Get(i);\r\n \t\t if (next < smallest){\r\n \t\t\t smallest = next;\r\n \t\t\t res.Clear();\r\n \t\t\t result.Add(s.Get(i));\r\n \t\t }\r\n \t\t else if (smallest.Equals(next)){\r\n \t\t\t res.add(s.Get(i));\r\n \t\t }\r\n \t }\r\n \t return result.ToArray();\r\n }\r\n",
          "BaseInfo": "",
          "IsStatic": true,
          "IsInherited": false,
          "IsExternal": false,
          "ReturnDataType": null,
          "Parameters": [],
          "RuleType": 0,
          "EventName": "",
          "ApplyToAttribute": ""
        },
        {
          "Name": "IntersectAll",
          "Description": "",
          "Syntax": "",
          "Text": "static function Collection IntersectAll(Collection[Collection[T]] se){\r\n \t Collection[T] result;\r\n \t if (se.Length == 0) {\r\n \t\t return result;\r\n \t }\r\n \t result.AddRange(se.Get(0));\r\n \t for int i = 1; i < se.Length; i + 1 {\r\n \t\t Collection[T] tmp = se.Get(i);\r\n \t\t result = result.Intersect(tmp);\r\n \t }\r\n \t return result;\r\n }\r\n",
          "BaseInfo": "",
          "IsStatic": true,
          "IsInherited": false,
          "IsExternal": false,
          "ReturnDataType": null,
          "Parameters": [],
          "RuleType": 0,
          "EventName": "",
          "ApplyToAttribute": ""
        },
        {
          "Name": "UnionAll",
          "Description": "",
          "Syntax": "",
          "Text": "static function Collection[T] UnionAll(Collection[Collection[T]] se){\r\n \t Collection[T] result;\r\n \t for int i = 0; i < se.Length; i + 1 {\r\n \t\t Collection[T] tmp = se.Get(i);\r\n \t\t result.AddRange(tmp);\r\n \t }\r\n \t return result;\r\n }\r\n",
          "BaseInfo": "",
          "IsStatic": true,
          "IsInherited": false,
          "IsExternal": false,
          "ReturnDataType": null,
          "Parameters": [],
          "RuleType": 0,
          "EventName": "",
          "ApplyToAttribute": ""
        },
        {
          "Name": "InsertAt",
          "Description": "",
          "Syntax": "",
          "Text": "static function Array[T] InsertAt(Array[T] l, int ind, T ob){\r\n \t Collection[T] result;\r\n \t Collection[T] tmp = l.ToCollection();\r\n \t for int i = 0; i < ind - 1 && i < tmp.Length; i + 1 {\r\n \t\t result.Add(tmp.Get(i));\r\n \t }\r\n \t if (ind <= tmp.Length + 1) {\r\n \t\t res.Add(ob);\r\n \t }\r\n \t for int i = ind - 1; i < tmp.Length; i + 1 {\r\n \t\t res.Add(tmp.Get(i));\r\n \t }\r\n \t return result.ToArray();\r\n }\r\n",
          "BaseInfo": "",
          "IsStatic": true,
          "IsInherited": false,
          "IsExternal": false,
          "ReturnDataType": null,
          "Parameters": [],
          "RuleType": 0,
          "EventName": "",
          "ApplyToAttribute": ""
        },
        {
          "Name": "RemoveAt",
          "Description": "",
          "Syntax": "",
          "Text": "static function Array[T] RemoveAt(Array[T] l, int ind) {\r\n \t Collection[T] result;\r\n \t if(ind < 1) {\r\n \t\t result.AddRange(l.ToCollection());\r\n \t }\r\n \t else {\r\n \t\t Collection[T] tmp = l.ToCollection();\r\n \t\t for int i = 0; i < tmp.Length; i + 1 {\r\n \t\t\t if (i != ind - 1) {\r\n \t\t\t\t result.Add(tmp.Get(i));\r\n \t\t\t }\r\n \t\t }\r\n \t }\r\n \t return result.ToArray();\r\n }\r\n",
          "BaseInfo": "",
          "IsStatic": true,
          "IsInherited": false,
          "IsExternal": false,
          "ReturnDataType": null,
          "Parameters": [],
          "RuleType": 0,
          "EventName": "",
          "ApplyToAttribute": ""
        },
        {
          "Name": "SetAt",
          "Description": "",
          "Syntax": "",
          "Text": "static function Array[T]> SetAt(Array[T] l, int ind, T val){\r\n \t Collection[T] result;\r\n \t result.AddRange(l.ToCollection());\r\n \t if (ind <= result.Length && ind >= 1){\r\n \t\t result.Set(ind - 1,val);\r\n \t }\r\n \t return result.ToArray();\r\n }\r\n",
          "BaseInfo": "",
          "IsStatic": true,
          "IsInherited": false,
          "IsExternal": false,
          "ReturnDataType": null,
          "Parameters": [],
          "RuleType": 0,
          "EventName": "",
          "ApplyToAttribute": ""
        },
        {
          "Name": "RemoveFirst",
          "Description": "",
          "Syntax": "",
          "Text": "static function Array[T] RemoveFirst(Array[T] l, T obj){\r\n \t Collection[T] result;\r\n \t result.AddRange(l.ToCollection());\r\n \t result.Remove(obj);\r\n \t return result.ToArray();\r\n }\r\n",
          "BaseInfo": "",
          "IsStatic": true,
          "IsInherited": false,
          "IsExternal": false,
          "ReturnDataType": null,
          "Parameters": [],
          "RuleType": 0,
          "EventName": "",
          "ApplyToAttribute": ""
        },
        {
          "Name": "InsertAt",
          "Description": "",
          "Syntax": "",
          "Text": "static function string InsertAt(string l, int ind, Object ob){\r\n \t string result = "";\r\n \t for int i = 0; i < ind-1 && i < l.length(); i + 1{\r\n \t\t result = result + l.CharAt(i);\r\n \t }\r\n \t if (ind <= l.Length + 1) {\r\n \t\t res = res + ob;\r\n \t }\r\n \t for int i = ind-1; i < l.length(); i + 1 {\r\n \t\t result = result + l.CharAt(i);\r\n \t }\r\n \t return result;\r\n }\r\n",
          "BaseInfo": "",
          "IsStatic": true,
          "IsInherited": false,
          "IsExternal": false,
          "ReturnDataType": null,
          "Parameters": [],
          "RuleType": 0,
          "EventName": "",
          "ApplyToAttribute": ""
        },
        {
          "Name": "Byte2char",
          "Description": "",
          "Syntax": "",
          "Text": "static function string Byte2char(int b) {\r\n \t try {\r\n \t\t string result = "";\r\n \t\t if (b == 0) {\r\n \t\t\t return "0";\r\n \t\t }\r\n \t\t while (b > 0) {\r\n \t\t\t int remainder = num % 2;\r\n \t\t\t b = b / 2;\r\n \t\t\t result = remainder.ToString() + result;\r\n \t\t }\r\n \t\t return result;\r\n \t }\r\n \t catch Exception _e {\r\n \t\t return "";\r\n \t }\r\n }\r\n",
          "BaseInfo": "",
          "IsStatic": true,
          "IsInherited": false,
          "IsExternal": false,
          "ReturnDataType": null,
          "Parameters": [],
          "RuleType": 0,
          "EventName": "",
          "ApplyToAttribute": ""
        },
        {
          "Name": "Char2byte",
          "Description": "",
          "Syntax": "",
          "Text": "static function int Char2byte(string s){\r\n \t if (s == null || s.Length == 0){\r\n \t\t return -1;\r\n \t }\r\n \t try {\r\n \t\t int result = int.Parse(s.ChatAt(0).ToString());\r\n \t }\r\n \t catch Exception _e {\r\n \t\t return -1;\r\n \t }\r\n }\r\n",
          "BaseInfo": "",
          "IsStatic": true,
          "IsInherited": false,
          "IsExternal": false,
          "ReturnDataType": null,
          "Parameters": [],
          "RuleType": 0,
          "EventName": "",
          "ApplyToAttribute": ""
        },
        {
          "Name": "IsInteger",
          "Description": "",
          "Syntax": "",
          "Text": "static function bool IsInteger(string str){\r\n \t try {\r\n \t\t int.Parse(str);\r\n \t\t return true;\r\n \t }\r\n \t catch Exception _e {\r\n \t\t return false;\r\n \t }\r\n }\r\n",
          "BaseInfo": "",
          "IsStatic": true,
          "IsInherited": false,
          "IsExternal": false,
          "ReturnDataType": null,
          "Parameters": [],
          "RuleType": 0,
          "EventName": "",
          "ApplyToAttribute": ""
        },
        {
          "Name": "IsReal",
          "Description": "",
          "Syntax": "",
          "Text": "static function bool IsReal(string str){\r\n \t try {\r\n \t\t double d = double.Parse(str);\r\n \t\t if (d == null) {\r\n \t\t\t return false;\r\n \t\t }\r\n \t\t return true;\r\n \t }\r\n \t catch Exception _e {\r\n \t\t return false;\r\n \t }\r\n }\r\n",
          "BaseInfo": "",
          "IsStatic": true,
          "IsInherited": false,
          "IsExternal": false,
          "ReturnDataType": null,
          "Parameters": [],
          "RuleType": 0,
          "EventName": "",
          "ApplyToAttribute": ""
        },
        {
          "Name": "IsLong",
          "Description": "",
          "Syntax": "",
          "Text": "static function bool IsLong(string str){\r\n \t try {\r\n \t\t long l = long.Parse(str);\r\n \t\t if (l == null) {\r\n \t\t\t return false;\r\n \t\t }\r\n \t\t return true;\r\n \t }\r\n \t catch Exception _e {\r\n \t\t return false;\r\n \t }\r\n }\r\n",
          "BaseInfo": "",
          "IsStatic": true,
          "IsInherited": false,
          "IsExternal": false,
          "ReturnDataType": null,
          "Parameters": [],
          "RuleType": 0,
          "EventName": "",
          "ApplyToAttribute": ""
        },
        {
          "Name": "OclIsTypeOf",
          "Description": "",
          "Syntax": "",
          "Text": "static function bool OclIsTypeOf(Object x, string E) {\r\n \t try {\r\n \t\t if (x.GetType().Name == Class.E){\r\n \t\t\t return true;\r\n \t\t\t }\r\n \t\t else {\r\n \t\t\t return false;\r\n \t\t }\r\n \t }\r\n \t catch Exception e {\r\n \t\t return false;\r\n \t }\r\n }\r\n",
          "BaseInfo": "",
          "IsStatic": true,
          "IsInherited": false,
          "IsExternal": false,
          "ReturnDataType": null,
          "Parameters": [],
          "RuleType": 0,
          "EventName": "",
          "ApplyToAttribute": ""
        },
        {
          "Name": "Before",
          "Description": "",
          "Syntax": "",
          "Text": "static function string Before(string s, string sep){\r\n \t if (sep.Length == 0) {\r\n \t\t return s;\r\n \t }\r\n \t bool flag = s.Contains(sep);\r\n \t if (flag == false) {\r\n \t\t return s;\r\n \t }\r\n \t int ind = s.IndexOf(sep);\r\n \t return s.Substring(0,ind);\r\n }\r\n",
          "BaseInfo": "",
          "IsStatic": true,
          "IsInherited": false,
          "IsExternal": false,
          "ReturnDataType": null,
          "Parameters": [],
          "RuleType": 0,
          "EventName": "",
          "ApplyToAttribute": ""
        },
        {
          "Name": "After",
          "Description": "",
          "Syntax": "",
          "Text": "static function string After(string s, string sep) {\r\n \t if (sep.Length == 0) {\r\n \t\t return "";\r\n \t }\r\n \t bool flag = s.Contains(sep);\r\n \t if (flag == false) {\r\n \t\t return "";\r\n \t }\r\n \t int ind = s.IndexOf(sep);\r\n \t return s.Substring(ind + sep.Length, s.Length);\r\n }\r\n",
          "BaseInfo": "",
          "IsStatic": true,
          "IsInherited": false,
          "IsExternal": false,
          "ReturnDataType": null,
          "Parameters": [],
          "RuleType": 0,
          "EventName": "",
          "ApplyToAttribute": ""
        },
        {
          "Name": "Replace",
          "Description": "",
          "Syntax": "",
          "Text": "static function string Replace(string str, string delim, string rep){\r\n \t String s = str + "";\r\n \t if (s.Contains(delim) == false) {\r\n \t\t return s.\r\n \t }\r\n \t return str.Replace(delim, rep);\r\n }\r\n",
          "BaseInfo": "",
          "IsStatic": true,
          "IsInherited": false,
          "IsExternal": false,
          "ReturnDataType": null,
          "Parameters": [],
          "RuleType": 0,
          "EventName": "",
          "ApplyToAttribute": ""
        },
        {
          "Name": "Split",
          "Description": "",
          "Syntax": "",
          "Text": "static function Array[string] Split(string str, string delim){\r\n \t Collection[string] tmp;\r\n \t tmp.Add(delim);\r\n \t Array[string] delimiter = tmp.ToArray();\r\n \t Arrary[string] result = sql.Split(delimiter, true); // true: remove empty\r\n \t return result;\r\n }\r\n",
          "BaseInfo": "",
          "IsStatic": true,
          "IsInherited": false,
          "IsExternal": false,
          "ReturnDataType": null,
          "Parameters": [],
          "RuleType": 0,
          "EventName": "",
          "ApplyToAttribute": ""
        },
        {
          "Name": "Matches",
          "Description": "",
          "Syntax": "",
          "Text": "static function Array[string] Matches(string str, string regex){\r\n \t try {\r\n \t\t RegExpLib.VerbalExpressions expressions;\r\n \t\t Collection[string] result = expressions.GetMatches(str, regex);\r\n \t\t return result.ToArray();\r\n \t }\r\n \t catch Exception e {\r\n \t\t return null;\r\n \t }\r\n }\r\n",
          "BaseInfo": "",
          "IsStatic": true,
          "IsInherited": false,
          "IsExternal": false,
          "ReturnDataType": null,
          "Parameters": [],
          "RuleType": 0,
          "EventName": "",
          "ApplyToAttribute": ""
        },
        {
          "Name": "FirstMatch",
          "Description": "",
          "Syntax": "",
          "Text": "static function string FirstMatch(string str, string regex){\r\n \t try {\r\n \t\t RegExpLib.VerbalExpressions expressions\r\n \t\t String result = expressions.GetMatch(str, regex);\r\n \t\t return result;\r\n \t }\r\n \t catch Exception e {\r\n \t\t return null;\r\n \t }\r\n }\r\n",
          "BaseInfo": "",
          "IsStatic": true,
          "IsInherited": false,
          "IsExternal": false,
          "ReturnDataType": null,
          "Parameters": [],
          "RuleType": 0,
          "EventName": "",
          "ApplyToAttribute": ""
        },
        {
          "Name": "ReplaceAll",
          "Description": "",
          "Syntax": "",
          "Text": "static function string ReplaceAll(String str, String regex, String rep){\r\n \t string result = str;\r\n \t try {\r\n \t\t RegExpLib.VerbalExpressions expressions;\r\n \t\t Collection[string] matches = expressions.GetMatches(str, regex);\r\n \t\t for int i = 0; i < matches.Length; i + 1 {\r\n \t\t\t string tmp = matches.Get(i);\r\n \t\t\t result = result.Replace(tmp, rep);\r\n \t\t }\r\n \t\t return result;\r\n \t }\r\n \t catch Exception e {\r\n \t\t return result;\r\n \t }\r\n }\r\n",
          "BaseInfo": "",
          "IsStatic": true,
          "IsInherited": false,
          "IsExternal": false,
          "ReturnDataType": null,
          "Parameters": [],
          "RuleType": 0,
          "EventName": "",
          "ApplyToAttribute": ""
        },
        {
          "Name": "ReplaceFirstMatch",
          "Description": "",
          "Syntax": "",
          "Text": "static function string ReplaceFirstMatch(String str, String regex, String rep){\r\n \t try {\r\n \t\t RegExpLib.VerbalExpressions expressions\r\n \t\t String match = expressions.GetMatch(str, regex);\r\n \t\t if (match.Length != 0) {\r\n \t\t\t return str.ReplaceFirst(match, rep);\r\n \t\t }\r\n \t\t return str;\r\n \t }\r\n \t catch Exception e {\r\n \t\t return str;\r\n \t }\r\n }\r\n",
          "BaseInfo": "",
          "IsStatic": true,
          "IsInherited": false,
          "IsExternal": false,
          "ReturnDataType": null,
          "Parameters": [],
          "RuleType": 0,
          "EventName": "",
          "ApplyToAttribute": ""
        },
        {
          "Name": "HasMatch",
          "Description": "",
          "Syntax": "",
          "Text": "static function bool HasMatch(string str, string regex){\r\n \t try {\r\n \t\t RegExpLib.VerbalExpressions expressions\r\n \t\t String result = expressions.GetMatch(str, regex);\r\n \t\t if (result.Lenth != 0) {\r\n \t\t\t return true;\r\n \t\t }\r\n \t\t return false;\r\n \t }\r\n \t catch Exception e {\r\n \t\t return false;\r\n \t }\r\n }\r\n",
          "BaseInfo": "",
          "IsStatic": true,
          "IsInherited": false,
          "IsExternal": false,
          "ReturnDataType": null,
          "Parameters": [],
          "RuleType": 0,
          "EventName": "",
          "ApplyToAttribute": ""
        },
        {
          "Name": "IsMatch",
          "Description": "",
          "Syntax": "",
          "Text": "static function bool IsMatch(string str, string regex){\r\n \t return str.IsMatch(regex);\r\n }\r\n",
          "BaseInfo": "",
          "IsStatic": true,
          "IsInherited": false,
          "IsExternal": false,
          "ReturnDataType": null,
          "Parameters": [],
          "RuleType": 0,
          "EventName": "",
          "ApplyToAttribute": ""
        },
        {
          "Name": "IncludingMap",
          "Description": "",
          "Syntax": "",
          "Text": "static function Dictionary[D, R] IncludingMap(Dictionary[D, R] m, D src, R trg){\r\n \t Dictionary[D, R] result;\r\n \t Collection[D] keys = m.GetKeys();\r\n \t for int i = 0; i < keys.Length; i + 1 {\r\n \t\t D key = keys.Get(i);\r\n \t\t result.Add(key, m1.Get(k));\r\n \t }\r\n \t result.Add(src, trg);\r\n \t return result;\r\n }\r\n",
          "BaseInfo": "",
          "IsStatic": true,
          "IsInherited": false,
          "IsExternal": false,
          "ReturnDataType": null,
          "Parameters": [],
          "RuleType": 0,
          "EventName": "",
          "ApplyToAttribute": ""
        },
        {
          "Name": "ExcludeAllMap",
          "Description": "",
          "Syntax": "",
          "Text": "static function Dictionary[D, R] ExcludeAllMap(Dictionary[D, R] m1, Dictionary[D, R] m2){ // m1 - m2\r\n \t Dictionary[D, R] result;\r\n \t Collection[D] keys1 = m1.GetKeys();\r\n \t for int i = 0; i < keys1.Length; i + 1 {\r\n \t\t D key1 = keys1.Get(i);\r\n \t\t result.Add(key1, m1.Get(key1));\r\n \t }\r\n \t \r\n \t Collection[D] keys2 = m2.GetKeys();\r\n \t for int i = 0; i < keys2.Length; i + 1 {\r\n \t\t D key2 = keys2.Get(i);\r\n \t\t if (keys1.Contains(key2) == true) {\r\n \t\t\t result.Remove(key2);\r\n \t\t }\r\n \t }\r\n \t return result;\r\n }\r\n",
          "BaseInfo": "",
          "IsStatic": true,
          "IsInherited": false,
          "IsExternal": false,
          "ReturnDataType": null,
          "Parameters": [],
          "RuleType": 0,
          "EventName": "",
          "ApplyToAttribute": ""
        },
        {
          "Name": "ExcludingMapKey",
          "Description": "",
          "Syntax": "",
          "Text": "static function Dictionary[D, R] ExcludingMapKey(Dictionary[D, R] m, D k){ // m - { k |-> m(k) }\r\n \t Dictionary[D, R] result;\r\n \t Collection[D] keys = m.GetKeys();\r\n \t for int i = 0; i < keys.Length; i + 1 {\r\n \t\t D key = keys.Get(i);\r\n \t\t if (key.Equlas(k) == false) {\r\n \t\t\t result.Add(key, m.Get(key));\r\n \t\t }\r\n \t }\r\n \t return result;\r\n }\r\n",
          "BaseInfo": "",
          "IsStatic": true,
          "IsInherited": false,
          "IsExternal": false,
          "ReturnDataType": null,
          "Parameters": [],
          "RuleType": 0,
          "EventName": "",
          "ApplyToAttribute": ""
        },
        {
          "Name": "ExcludingMapValue",
          "Description": "",
          "Syntax": "",
          "Text": "static function Dictionary[D, R] ExcludingMapValue(Dictionary[D, R] m, R v){ // m - { k |-> v }\r\n \t Dictionary[D, R] result;\r\n \t Collection[D] keys = m.GetKeys();\r\n \t for int i = 0; i < keys.Length; i + 1 {\r\n \t\t D key = keys.Get(i);\r\n \t\t if (v.Equlas(m.Get(key)) == false) {\r\n \t\t\t result.Add(key, m.Get(key));\r\n \t\t }\r\n \t }\r\n \t return result;\r\n }\r\n",
          "BaseInfo": "",
          "IsStatic": true,
          "IsInherited": false,
          "IsExternal": false,
          "ReturnDataType": null,
          "Parameters": [],
          "RuleType": 0,
          "EventName": "",
          "ApplyToAttribute": ""
        },
        {
          "Name": "UnionMap",
          "Description": "",
          "Syntax": "",
          "Text": "static function Dictionary[D,R] UnionMap(Dictionary[D,R] m1, Dictionary[D,R] m2){\r\n \t Dictionary[D,R] result;\r\n \t Collection[D] m1Keys = m1.GetKeys();\r\n \t for int i = 0; i < m1Keys.Length; i + 1 {\r\n \t\t D key = m1Keys.Get(i);\r\n \t\t R value = m1.Get(key);\r\n \t\t result.Add(key, value);\r\n \t }\r\n \t Collection[D] m2Keys = m2.GetKeys();\r\n \t for int i = 0; i < m2Keys.Length; i + 1 {\r\n \t\t D key = m2Keys.Get(i);\r\n \t\t R value = m2.Get(key);\r\n \t\t if (m1Keys.Contains(key) == false) {\r\n \t\t\t result.Add(key, value);\r\n \t\t }\r\n \t }\r\n \t return result;\r\n }\r\n",
          "BaseInfo": "",
          "IsStatic": true,
          "IsInherited": false,
          "IsExternal": false,
          "ReturnDataType": null,
          "Parameters": [],
          "RuleType": 0,
          "EventName": "",
          "ApplyToAttribute": ""
        },
        {
          "Name": "IntersectionMap",
          "Description": "",
          "Syntax": "",
          "Text": "static function Dictionary[D,R] IntersectionMap(Dictionary[D,R] m1, Dictionary[D,R] m2){\r\n \t Dictionary[D,R] result;\r\n \t Collection[D] keys = m1.GetKeys();\r\n \t for int i = 0; i < keys.Length; i + 1 {\r\n \t\t D key = keys.Get(i)\r\n \t\t if (m2.HasKey(key) == true && m1.Get(key) != null && m1.Get(key).equals(m2.Get(key))){\r\n \t\t result.put(key,m1.Get(key));  }\r\n \t }\r\n \t return result;\r\n }\r\n",
          "BaseInfo": "",
          "IsStatic": true,
          "IsInherited": false,
          "IsExternal": false,
          "ReturnDataType": null,
          "Parameters": [],
          "RuleType": 0,
          "EventName": "",
          "ApplyToAttribute": ""
        },
        {
          "Name": "RestrictMap",
          "Description": "",
          "Syntax": "",
          "Text": "static function <D,R> Dictionary[D,R] RestrictMap(Dictionary[D,R] m1, Collection[D] ks){\r\n \t Dictionary[D,R] result;\r\n \t Collection[D] keys = m1.GetKeys();\r\n \t for int i = 0; i < keys.Length; i + 1 {\r\n \t\t D key = keys.Get(i);\r\n \t\t if (ks.contains(key) == true){\r\n \t\t\t result.Add(key,m1.Get(key));\r\n \t\t }\r\n \t }\r\n \t return result;\r\n }\r\n",
          "BaseInfo": "",
          "IsStatic": true,
          "IsInherited": false,
          "IsExternal": false,
          "ReturnDataType": null,
          "Parameters": [],
          "RuleType": 0,
          "EventName": "",
          "ApplyToAttribute": ""
        },
        {
          "Name": "AntirestrictMap",
          "Description": "",
          "Syntax": "",
          "Text": "static function Dictionary[D,R] AntirestrictMap(Dictionary[D,R] m1, Collection[D] ks){\r\n \t Dictionary[D,R] result;\r\n \t Collection[D] keys = m1.GetKeys();\r\n \t for int i = 0; i < keys.Length; i + 1 {\r\n \t\t D key = keys.Get(i);\r\n \t\t if (ks.contains(key) == false){\r\n \t\t\t result.Add(key,m1.Get(key));\r\n \t\t }\r\n \t }\r\n \t return result;\r\n }\r\n",
          "BaseInfo": "",
          "IsStatic": true,
          "IsInherited": false,
          "IsExternal": false,
          "ReturnDataType": null,
          "Parameters": [],
          "RuleType": 0,
          "EventName": "",
          "ApplyToAttribute": ""
        },
        {
          "Name": "SelectMap",
          "Description": "",
          "Syntax": "",
          "Text": "static function <D,R> Dictionary[D,R] SelectMap(Dictionary[D,R] m, Predicate<R> f){\r\n \t Dictionary[D,R] result;\r\n \t Collection[D] keys = m.GetKeys();\r\n \t for int i = 0; i < keys.Length; i + 1 {\r\n \t\t D key = keys.Get(i);\r\n \t\t R value = m.Get(key);\r\n \t\t Collection[R] tmp;\r\n \t\t tmp.Add(value);\r\n \t\t if (tmp.Any(f) == true) {\r\n \t\t\t result.Add(key, value)\r\n \t\t }\r\n \t }\r\n \t return result;\r\n }\r\n",
          "BaseInfo": "",
          "IsStatic": true,
          "IsInherited": false,
          "IsExternal": false,
          "ReturnDataType": null,
          "Parameters": [],
          "RuleType": 0,
          "EventName": "",
          "ApplyToAttribute": ""
        },
        {
          "Name": "RejectMap",
          "Description": "",
          "Syntax": "",
          "Text": "static function Dictionary[D,R] RejectMap(Dictionary[D,R] m, Func f){\r\n \t Dictionary[D,R] result;\r\n \t Collection[D] keys = m.GetKeys();\r\n \t for int i = 0; i < keys.Length; i + 1 {\r\n \t\t D key = keys.Get(i);\r\n \t\t R value = m.Get(key);\r\n \t\t Collection[R] tmp;\r\n \t\t tmp.Add(value);\r\n \t\t if (tmp.Any(f) == false) {\r\n \t\t\t result.Add(key, value)\r\n \t\t }\r\n \t }\r\n \t return result;\r\n }\r\n",
          "BaseInfo": "",
          "IsStatic": true,
          "IsInherited": false,
          "IsExternal": false,
          "ReturnDataType": null,
          "Parameters": [],
          "RuleType": 0,
          "EventName": "",
          "ApplyToAttribute": ""
        },
        {
          "Name": "CollectMap",
          "Description": "",
          "Syntax": "",
          "Text": "static function Dictionary[string, R] CollectMap(Dictionary[string, R] m, Func _f) {\r\n \t Dictionary[string, R] result;\r\n \t Collection[string] keys = m.GetKeys();\r\n \t for int i = 0; i < keys.Length; i + 1 {\r\n \t\t string key = keys.Get(i);\r\n \t\t R value = m.Get(key);\r\n \t\t Collection[R] tmp;\r\n \t\t tmp.Add(value);\r\n \t\t tmp = tmp.Select(_f);\r\n \t\t value = tmp.Get(0);\r\n \t\t result.Add(key, value);\r\n \t }\r\n \t return result;\r\n }\r\n",
          "BaseInfo": "",
          "IsStatic": true,
          "IsInherited": false,
          "IsExternal": false,
          "ReturnDataType": null,
          "Parameters": [],
          "RuleType": 0,
          "EventName": "",
          "ApplyToAttribute": ""
        },
        {
          "Name": "ExistsMap",
          "Description": "",
          "Syntax": "",
          "Text": "static function bool ExistsMap(Dictionary[D,R] m, Func f){\r\n \t Collection[D] keys = m.GetKeys();\r\n \t for int i = 0; i < keys.Length; i + 1 {\r\n \t\t D key = keys.Get(i);\r\n \t\t R value = m.Get(key);\r\n \t\t Collection[R] tmp;\r\n \t\t tmp.Add(value);\r\n \t\t if (tmp.Any(f) == true) {\r\n \t\t\t return true;\r\n \t\t }\r\n \t }\r\n \t return false;\r\n }\r\n",
          "BaseInfo": "",
          "IsStatic": true,
          "IsInherited": false,
          "IsExternal": false,
          "ReturnDataType": null,
          "Parameters": [],
          "RuleType": 0,
          "EventName": "",
          "ApplyToAttribute": ""
        },
        {
          "Name": "Exists1Map",
          "Description": "",
          "Syntax": "",
          "Text": "static function bool Exists1Map(Dictionary[D,R] m, Func f){\r\n \t bool found = false;\r\n \t Collection[D] keys = m.GetKeys();\r\n \t for int i = 0; i < keys.Length; i + 1 {\r\n \t\t D key = keys.Get(i);\r\n \t\t R value = m.Get(key);\r\n \t\t Collection[R] tmp;\r\n \t\t tmp.Add(value);\r\n \t\t if (tmp.Any(f) == true) {\r\n \t\t\t if (found == true) {\r\n \t\t\t\t return false;\r\n \t\t\t }\r\n \t\t\t else {\r\n \t\t\t\t found = true;\r\n \t\t\t }\r\n \t\t }\r\n \t }\r\n \t return found;\r\n }\r\n",
          "BaseInfo": "",
          "IsStatic": true,
          "IsInherited": false,
          "IsExternal": false,
          "ReturnDataType": null,
          "Parameters": [],
          "RuleType": 0,
          "EventName": "",
          "ApplyToAttribute": ""
        },
        {
          "Name": "ForAllMap",
          "Description": "",
          "Syntax": "",
          "Text": "static function bool ForAllMap(Dictionary[D,R] m, Func f){\r\n \t Collection[D] keys = m.GetKeys();\r\n \t for int i = 0; i < keys.Length; i + 1 {\r\n \t\t D key = keys.Get(i);\r\n \t\t R value = m.Get(key);\r\n \t\t Collection[R] tmp;\r\n \t\t tmp.Add(value);\r\n \t\t if (tmp.Any(f) == false) {\r\n \t\t\t return false;\r\n \t\t }\r\n \t }\r\n \t return true;\r\n }\r\n",
          "BaseInfo": "",
          "IsStatic": true,
          "IsInherited": false,
          "IsExternal": false,
          "ReturnDataType": null,
          "Parameters": [],
          "RuleType": 0,
          "EventName": "",
          "ApplyToAttribute": ""
        },
        {
          "Name": "AddMap",
          "Description": "",
          "Syntax": "",
          "Text": "static function Dictionary[D,R] AddMap(Dictionary[D,R], D key, R value){\r\n \t m.Add(key,value);\r\n \t return m;\r\n }\r\n",
          "BaseInfo": "",
          "IsStatic": true,
          "IsInherited": false,
          "IsExternal": false,
          "ReturnDataType": null,
          "Parameters": [],
          "RuleType": 0,
          "EventName": "",
          "ApplyToAttribute": ""
        },
        {
          "Name": "TokeniseCSV",
          "Description": "",
          "Syntax": "",
          "Text": "static function Array[string] TokeniseCSV(string line){ // Assumes the separator is a comma\r\n \t string buff = "";\r\n \t int x = 0;\r\n \t int len = line.Length;\r\n \t boolean instring = false;\r\n \t Collection[string] result;\r\n \t while (x < len){\r\n \t\t char chr = line.charAt(x);\r\n \t\t x++;\r\n \t\t if (chr == ','){\r\n \t\t\t if (instring) {\r\n \t\t\t\t buff = buff + chr.ToString();\r\n \t\t\t }\r\n \t\t\t else {\r\n \t\t\t\t res.add(buff.Trim());\r\n \t\t\t\t buff = "";\r\n \t\t\t }\r\n \t\t }\r\n \t\t else if ('\"' == chr){\r\n \t\t\t if (instring) {\r\n \t\t\t\t instring = false;\r\n \t\t\t }\r\n \t\t\t else {\r\n \t\t\t\t instring = true;\r\n \t\t\t }\r\n \t\t }\r\n \t\t else{\r\n \t\t\t buff.append(chr);\r\n \t\t }\r\n \t }\r\n \t result.Add(buff.Trim());\r\n \t return result.ToArray();\r\n }\r\n",
          "BaseInfo": "",
          "IsStatic": true,
          "IsInherited": false,
          "IsExternal": false,
          "ReturnDataType": null,
          "Parameters": [],
          "RuleType": 0,
          "EventName": "",
          "ApplyToAttribute": ""
        },
        {
          "Name": "ParseCSVtable",
          "Description": "",
          "Syntax": "",
          "Text": "static function Array[string] ParseCSVtable(string rows){\r\n \t string buff = "";\r\n \t int x = 0;\r\n \t int len = rows.Length;\r\n \t boolean instring = false;\r\n \t Collection[string] result;\r\n \t while (x < len){\r\n \t\t char chr = rows.CharAt(x);\r\n \t\t x++;\r\n \t\t if (chr == '\n'){\r\n \t\t\t result.Add(buff.Trim());\r\n \t\t\t buff = "";\r\n \t\t }\r\n \t\t else {\r\n \t\t\t buff = buff + chr.ToString();\r\n \t\t }\r\n \t }\r\n \t result.Add(buff.Trim());\r\n \t return result.ToArray();\r\n }\r\n",
          "BaseInfo": "",
          "IsStatic": true,
          "IsInherited": false,
          "IsExternal": false,
          "ReturnDataType": null,
          "Parameters": [],
          "RuleType": 0,
          "EventName": "",
          "ApplyToAttribute": ""
        },
        {
          "Name": "ContainsAll",
          "Description": "",
          "Syntax": "",
          "Text": "static function boole ContainsAll(Collection[T] c1, Collection[T] c2) {\r\n \t bool result = true;\r\n \t for int i = 0; i < c2.Length; i++ {\r\n \t\t T tmp = c2.Get(i);\r\n \t\t if (c1.Contains(tmp) == false) {\r\n \t\t\t return false;\r\n \t\t }\r\n \t }\r\n \t return result;\r\n }\r\n",
          "BaseInfo": "",
          "IsStatic": true,
          "IsInherited": false,
          "IsExternal": false,
          "ReturnDataType": null,
          "Parameters": [],
          "RuleType": 0,
          "EventName": "",
          "ApplyToAttribute": ""
        },
        {
          "Name": "ExcludesAll",
          "Description": "",
          "Syntax": "",
          "Text": "static function boole ExcludesAll(Collection[T] c1, Collection[T] c2) {\r\n \t bool result = true;\r\n \t for int i = 0; i < c2.Length; i++ {\r\n \t\t T tmp = c2.Get(i);\r\n \t\t if (c1.Contains(tmp) == true) {\r\n \t\t\t return false;\r\n \t\t }\r\n \t }\r\n \t return result;\r\n }\r\n",
          "BaseInfo": "",
          "IsStatic": true,
          "IsInherited": false,
          "IsExternal": false,
          "ReturnDataType": null,
          "Parameters": [],
          "RuleType": 0,
          "EventName": "",
          "ApplyToAttribute": ""
        },
        {
          "Name": "TruncateTo",
          "Description": "",
          "Syntax": "",
          "Text": "static function long TruncateTo(long n1, int n2) {\r\n \t string tmp = n1.ToString();\r\n \t if(tmp.Contains(".") == false) {\r\n \t\t return n1;\r\n \t }\r\n \t int pos = tmp.IndexOf(".");\r\n \t tmp = tmp.SubString(0, pos + n2); // start from 0, length pos + n2\r\n \t return long.Parse(tmp);\r\n }\r\n",
          "BaseInfo": "",
          "IsStatic": true,
          "IsInherited": false,
          "IsExternal": false,
          "ReturnDataType": null,
          "Parameters": [],
          "RuleType": 0,
          "EventName": "",
          "ApplyToAttribute": ""
        },
        {
          "Name": "TruncateTo",
          "Description": "",
          "Syntax": "",
          "Text": "static function double TruncateTo(double n1, int n2) {\r\n \t string tmp = n1.ToString();\r\n \t if(tmp.Contains(".") == false) {\r\n \t\t return n1;\r\n \t }\r\n \t int pos = tmp.IndexOf(".");\r\n \t tmp = tmp.SubString(0, pos + n2); // start from 0, length pos + n2\r\n \t return double.Parse(tmp);\r\n }\r\n",
          "BaseInfo": "",
          "IsStatic": true,
          "IsInherited": false,
          "IsExternal": false,
          "ReturnDataType": null,
          "Parameters": [],
          "RuleType": 0,
          "EventName": "",
          "ApplyToAttribute": ""
        },
        {
          "Name": "CopyOfRange",
          "Description": "",
          "Syntax": "",
          "Text": "static function Array[T] CopyOfRange(Array[T] a, int s, int e) {\r\n \t if (e > a.Length) {\r\n \t\t e = a.Length;\r\n \t }\r\n \t Collection[T] result;\r\n \t for int i = s; i < e; i + 1 {\r\n \t\t result.Add(a.Get(i));\r\n \t }\r\n \t return result.ToArray();\r\n }\r\n",
          "BaseInfo": "",
          "IsStatic": true,
          "IsInherited": false,
          "IsExternal": false,
          "ReturnDataType": null,
          "Parameters": [],
          "RuleType": 0,
          "EventName": "",
          "ApplyToAttribute": ""
        },
        {
          "Name": "Log",
          "Description": "",
          "Syntax": "",
          "Text": "static function double Log(double x) {\r\n \t double y = 1;  // Initial guess\r\n \t double tolerance = 0.0000001;  // Set a tolerance level for accuracy\r\n \t double lastY = 0;\r\n \t \r\n \t while (Math.Abs(y - lastY) > tolerance) {\r\n \t\t lastY = y;\r\n \t\t y = y - 1 + x / Math.Pow(2.71828, y);\r\n \t }\r\n \t \r\n \t return y;\r\n }\r\n
",
          "BaseInfo": "",
          "IsStatic": true,
          "IsInherited": false,
          "IsExternal": false,
          "ReturnDataType": null,
          "Parameters": [],
          "RuleType": 0,
          "EventName": "",
          "ApplyToAttribute": ""
        },
        {
          "Name": "Log10",
          "Description": "",
          "Syntax": "",
          "Text": "static function double Log10(double x) {\r\n \t double ln10 = 2.302585092994046; // Constant value for ln(10)\r\n \t double y = 1;  // Initial guess\r\n \t double tolerance = 0.0000001;  // Set a tolerance level for accuracy\r\n \t double lastY = 0;\r\n \t \r\n \t while (Math.Abs(y - lastY) > tolerance) {\r\n \t\t lastY = y;\r\n \t\t y = y - 1 + x / Math.Pow(2.71828, y);\r\n \t }\r\n \t \r\n \t return y / ln10;\r\n }\r\n",
          "BaseInfo": "",
          "IsStatic": true,
          "IsInherited": false,
          "IsExternal": false,
          "ReturnDataType": null,
          "Parameters": [],
          "RuleType": 0,
          "EventName": "",
          "ApplyToAttribute": ""
        },
        {
          "Name": "CopySortedMap",
          "Description": "",
          "Syntax": "",
          "Text": "static function Dictionary[D, R] CopySortedMap(Dictionary[D, R] m) {\r\n \t Dictionary[D, R] result;\r\n \t Collection[D] keys = m.GetKeys();\r\n \t for int i = 0; i < keys.Length; i + 1 {\r\n \t\t D key = keys.Get(i);\r\n \t\t R value = m.Get(key);\r\n \t\t result.Add(key, value);\r\n \t }\r\n \t return result;\r\n }\r\n",
          "BaseInfo": "",
          "IsStatic": true,
          "IsInherited": false,
          "IsExternal": false,
          "ReturnDataType": null,
          "Parameters": [],
          "RuleType": 0,
          "EventName": "",
          "ApplyToAttribute": ""
        },
        {
          "Name": "AsOrderedSet",
          "Description": "",
          "Syntax": "",
          "Text": "static function Collection[T] AsOrderedSet(Collection[T] c){\r\n \t Collection[T] result;\r\n \t result.AddRange(c);\r\n \t return result;\r\n }\r\n",
          "BaseInfo": "",
          "IsStatic": true,
          "IsInherited": false,
          "IsExternal": false,
          "ReturnDataType": null,
          "Parameters": [],
          "RuleType": 0,
          "EventName": "",
          "ApplyToAttribute": ""
        }
      ],
      "Parameters": [],
      "ShadowModel": "",
      "ShadowClass": "",
      "BaseClasses": "",
      "BaseModel": "",
      "IsPersisted": false,
      "IsStatic": false,
      "IsExpanded": true,
      "Width": "",
      "Height": "",
      "Top": "",
      "Left": "",
      "ImportedFrom": null,
      "IsRefreshed": false,
      "CanRead": null,
      "CanWrite": null
    }
  ],
  "Associations": [],
  "Resources": [],
  "ModelName": "MambaHelper",
  "ModelCreator": null,
  "ModelDescription": "",
  "DateCreated": "01/06/2024",
  "Version": "",
  "Comments": ""
}
